Unity Editor version:    2021.3.34f1 (25266724e7bd)
Branch:                  2021.3/staging
Build type:              Release
Batch mode:              YES
macOS version:           Version 14.5 (Build 23F79)
Darwin version:          23.5.0
Architecture:            arm64
Running under Rosetta:   NO
Available memory:        8192 MB
Using pre-set license
Pro License: YES

COMMAND LINE ARGUMENTS:
/Applications/Unity/Unity.app/Contents/MacOS/Unity
-adb2
-batchMode
-noUpm
-name
AssetImportWorker1
-projectPath
/Users/neilbestin/Documents/Actual
-logFile
Logs/AssetImportWorker1.log
-srvPort
64004
Successfully changed project path to: /Users/neilbestin/Documents/Actual
/Users/neilbestin/Documents/Actual
[UnityMemory] Configuration Parameters - Can be set up in boot.config
    "memorysetup-bucket-allocator-granularity=16"
    "memorysetup-bucket-allocator-bucket-count=8"
    "memorysetup-bucket-allocator-block-size=33554432"
    "memorysetup-bucket-allocator-block-count=8"
    "memorysetup-main-allocator-block-size=16777216"
    "memorysetup-thread-allocator-block-size=16777216"
    "memorysetup-gfx-main-allocator-block-size=16777216"
    "memorysetup-gfx-thread-allocator-block-size=16777216"
    "memorysetup-cache-allocator-block-size=4194304"
    "memorysetup-typetree-allocator-block-size=2097152"
    "memorysetup-profiler-bucket-allocator-granularity=16"
    "memorysetup-profiler-bucket-allocator-bucket-count=8"
    "memorysetup-profiler-bucket-allocator-block-size=33554432"
    "memorysetup-profiler-bucket-allocator-block-count=8"
    "memorysetup-profiler-allocator-block-size=16777216"
    "memorysetup-profiler-editor-allocator-block-size=1048576"
    "memorysetup-temp-allocator-size-main=16777216"
    "memorysetup-job-temp-allocator-block-size=2097152"
    "memorysetup-job-temp-allocator-block-size-background=1048576"
    "memorysetup-job-temp-allocator-reduction-small-platforms=262144"
    "memorysetup-temp-allocator-size-background-worker=32768"
    "memorysetup-temp-allocator-size-job-worker=262144"
    "memorysetup-temp-allocator-size-preload-manager=33554432"
    "memorysetup-temp-allocator-size-nav-mesh-worker=65536"
    "memorysetup-temp-allocator-size-audio-worker=65536"
    "memorysetup-temp-allocator-size-cloud-worker=32768"
    "memorysetup-temp-allocator-size-gi-baking-worker=262144"
    "memorysetup-temp-allocator-size-gfx=262144"
Player connection [8445316096] Host "[IP] 192.168.29.111 [Port] 0 [Flags] 2 [Guid] 4114475810 [EditorId] 4114475810 [Version] 1048832 [Id] OSXEditor(0,MacBooks-MacBook-Air.local) [Debug] 1 [PackageName] OSXEditor [ProjectName] Editor" joined multi-casting on [225.0.0.222:54997]...

Player connection [8445316096] Host "[IP] 192.168.29.111 [Port] 0 [Flags] 2 [Guid] 4114475810 [EditorId] 4114475810 [Version] 1048832 [Id] OSXEditor(0,MacBooks-MacBook-Air.local) [Debug] 1 [PackageName] OSXEditor [ProjectName] Editor" joined alternative multi-casting on [225.0.0.222:34997]...

[Physics::Module] Initialized MultithreadedJobDispatcher with {0} workers.
Refreshing native plugins compatible for Editor in 105.87 ms, found 2 plugins.
Preloading 0 native plugins for Editor in 0.00 ms.
Initialize engine version: 2021.3.34f1 (25266724e7bd)
[Subsystems] Discovering subsystems at path /Applications/Unity/Unity.app/Contents/Resources/UnitySubsystems
[Subsystems] Discovering subsystems at path /Users/neilbestin/Documents/Actual/Assets
GfxDevice: creating device client; threaded=0; jobified=0
 preferred device: Apple M1 (high power)
Metal devices available: 1
0: Apple M1 (high power)
Using device Apple M1 (high power)
Initializing Metal device caps: Apple M1
Shader 'WFX/Transparent Diffuse': fallback shader 'Particles/Alpha Blended' not found
Shader 'WFX/Transparent Specular': fallback shader 'Particles/Alpha Blended' not found
Initialize mono
Mono path[0] = '/Applications/Unity/Unity.app/Contents/Managed'
Mono path[1] = '/Applications/Unity/Unity.app/Contents/MonoBleedingEdge/lib/mono/unityjit-macos'
Mono config path = '/Applications/Unity/Unity.app/Contents/MonoBleedingEdge/etc'
Using monoOptions --debugger-agent=transport=dt_socket,embedding=1,server=y,suspend=n,address=127.0.0.1:56902
Begin MonoManager ReloadAssembly
Registering precompiled unity dll's ...
Register platform support module: /Applications/Unity/Unity.app/Contents/PlaybackEngines/MacStandaloneSupport/UnityEditor.OSXStandalone.Extensions.dll
Registered in 0.000854 seconds.
Native extension for OSXStandalone target not found
Refreshing native plugins compatible for Editor in 98.60 ms, found 2 plugins.
Preloading 0 native plugins for Editor in 0.00 ms.
Mono: successfully reloaded assembly
- Completed reload, in  0.488 seconds
Domain Reload Profiling:
	ReloadAssembly (489ms)
		BeginReloadAssembly (84ms)
			ExecutionOrderSort (0ms)
			DisableScriptedObjects (0ms)
			BackupInstance (0ms)
			ReleaseScriptingObjects (0ms)
			CreateAndSetChildDomain (1ms)
		EndReloadAssembly (348ms)
			LoadAssemblies (83ms)
			RebuildTransferFunctionScriptingTraits (0ms)
			SetupTypeCache (76ms)
			ReleaseScriptCaches (0ms)
			RebuildScriptCaches (19ms)
			SetupLoadedEditorAssemblies (224ms)
				LogAssemblyErrors (0ms)
				InitializePlatformSupportModulesInManaged (3ms)
				SetLoadedEditorAssemblies (0ms)
				RefreshPlugins (99ms)
				BeforeProcessingInitializeOnLoad (1ms)
				ProcessInitializeOnLoadAttributes (96ms)
				ProcessInitializeOnLoadMethodAttributes (26ms)
				AfterProcessingInitializeOnLoad (0ms)
				EditorAssembliesLoaded (0ms)
			ExecutionOrderSort2 (0ms)
			AwakeInstancesAfterBackupRestoration (0ms)
Platform modules already initialized, skipping
Registering precompiled user dll's ...
Registered in 0.007346 seconds.
Begin MonoManager ReloadAssembly
Native extension for OSXStandalone target not found
Refreshing native plugins compatible for Editor in 100.86 ms, found 2 plugins.
Preloading 0 native plugins for Editor in 0.00 ms.
Package Manager log level set to [2]
[Package Manager] Server::EnsureServerProcessIsRunning -- launch failed, reason: Unity was launched with the -noUpm command-line argument
[Package Manager] Cannot connect to Unity Package Manager local server
Mono: successfully reloaded assembly
- Completed reload, in  0.838 seconds
Domain Reload Profiling:
	ReloadAssembly (838ms)
		BeginReloadAssembly (62ms)
			ExecutionOrderSort (0ms)
			DisableScriptedObjects (3ms)
			BackupInstance (0ms)
			ReleaseScriptingObjects (0ms)
			CreateAndSetChildDomain (16ms)
		EndReloadAssembly (711ms)
			LoadAssemblies (65ms)
			RebuildTransferFunctionScriptingTraits (0ms)
			SetupTypeCache (190ms)
			ReleaseScriptCaches (2ms)
			RebuildScriptCaches (41ms)
			SetupLoadedEditorAssemblies (392ms)
				LogAssemblyErrors (0ms)
				InitializePlatformSupportModulesInManaged (1ms)
				SetLoadedEditorAssemblies (0ms)
				RefreshPlugins (101ms)
				BeforeProcessingInitializeOnLoad (66ms)
				ProcessInitializeOnLoadAttributes (179ms)
				ProcessInitializeOnLoadMethodAttributes (43ms)
				AfterProcessingInitializeOnLoad (1ms)
				EditorAssembliesLoaded (0ms)
			ExecutionOrderSort2 (0ms)
			AwakeInstancesAfterBackupRestoration (2ms)
Platform modules already initialized, skipping
========================================================================
Worker process is ready to serve import requests
Shader 'WFX/Transparent Diffuse': fallback shader 'Particles/Alpha Blended' not found
Shader 'WFX/Transparent Specular': fallback shader 'Particles/Alpha Blended' not found
Launching external process: /Applications/Unity/Unity.app/Contents/Tools/UnityShaderCompiler
Launched and connected shader compiler UnityShaderCompiler after 0.65 seconds
Refreshing native plugins compatible for Editor in 1.14 ms, found 2 plugins.
Preloading 0 native plugins for Editor in 0.00 ms.
Unloading 5299 Unused Serialized files (Serialized files now loaded: 0)
Unloading 79 unused Assets / (23.2 MB). Loaded Objects now: 5719.
Memory consumption went from 257.3 MB to 234.1 MB.
Total: 9.497583 ms (FindLiveObjects: 0.349042 ms CreateObjectMapping: 0.153833 ms MarkObjects: 3.502125 ms  DeleteObjects: 5.491833 ms)

AssetImportParameters requested are different than current active one (requested -> active):
  custom:video-decoder-ogg-theora: a1e56fd34408186e4bbccfd4996cb3dc -> 
  custom:container-muxer-webm: aa71ff27fc2769a1b78a27578f13a17b -> 
  custom:container-demuxer-webm: 4f35f7cbe854078d1ac9338744f61a02 -> 
  custom:video-encoder-webm-vp8: eb34c28f22e8b96e1ab97ce403110664 -> 
  custom:framework-osx-AVFoundation: e770b220cccbd017edd2c1fefb359320 -> 
  custom:CustomObjectIndexerAttribute: f67f22312cbe972f2da930a377ed3d15 -> 
  custom:audio-encoder-webm-vorbis: bf7c407c2cedff20999df2af8eb42d56 -> 
  custom:SearchIndexIgnoredProperties: e643bd26f0fe6173181afceb89e7c659 -> 
  custom:container-demuxer-ogg: 62fdf1f143b41e24485cea50d1cbac27 -> 
  custom:video-decoder-webm-vp8: 9c59270c3fd7afecdb556c50c9e8de78 -> 
  custom:audio-decoder-ogg-vorbis: bf7c407c2cedff20999df2af8eb42d56 -> 
========================================================================
Received Import Request.
  Time since last request: 175496.641998 seconds.
  path: Assets/SniperRifle/Materials/1024/Rifle_Camo_Mobile.mat
  artifactKey: Guid(a02cfaab0f4dc17449a488d91bfddf4e) Importer(815301076,1909f56bfc062723c751e8b465ee728b)
Number of updated assets reloaded before import = 0
Start importing Assets/SniperRifle/Materials/1024/Rifle_Camo_Mobile.mat using Guid(a02cfaab0f4dc17449a488d91bfddf4e) Importer(815301076,1909f56bfc062723c751e8b465ee728b)  -> (artifact id: '9af0aa6db3ebc97549e8c787f2af07cc') in 0.320846 seconds 
Number of asset objects unloaded after import = 13
========================================================================
Received Import Request.
  Time since last request: 0.000066 seconds.
  path: Assets/JMO Assets/WarFX/Desktop/Materials/MuzzleFlashes/WFX_M_MF FrontRear RIFLE2.mat
  artifactKey: Guid(d61182d659337f54bae37a7490b24eb6) Importer(815301076,1909f56bfc062723c751e8b465ee728b)
Number of updated assets reloaded before import = 0
Start importing Assets/JMO Assets/WarFX/Desktop/Materials/MuzzleFlashes/WFX_M_MF FrontRear RIFLE2.mat using Guid(d61182d659337f54bae37a7490b24eb6) Importer(815301076,1909f56bfc062723c751e8b465ee728b)  -> (artifact id: '77de09ce0d16d26416033ef47330119d') in 0.008256 seconds 
Number of asset objects unloaded after import = 3
========================================================================
Received Import Request.
  Time since last request: 0.000068 seconds.
  path: Assets/RPG_FPS_game_assets_industrial/Other_props/Pipes/Pipe_sets/Pipes_set_v1/Source/Pipes_set_v1.mat
  artifactKey: Guid(95f35bc55e58b884d8bcb1195b26fe11) Importer(815301076,1909f56bfc062723c751e8b465ee728b)
Number of updated assets reloaded before import = 0
Start importing Assets/RPG_FPS_game_assets_industrial/Other_props/Pipes/Pipe_sets/Pipes_set_v1/Source/Pipes_set_v1.mat using Guid(95f35bc55e58b884d8bcb1195b26fe11) Importer(815301076,1909f56bfc062723c751e8b465ee728b)  -> (artifact id: '2d43d99ed32aa2590ee2ed37104bf9bf') in 0.010780 seconds 
Number of asset objects unloaded after import = 3
========================================================================
Received Import Request.
  Time since last request: 0.000127 seconds.
  path: Assets/RPG_FPS_game_assets_industrial/Textures/Asphalt/Seamless_asphalt_v1/Seamless_asphalt_v1.mat
  artifactKey: Guid(999517f045d65924db469ec2a4a5c833) Importer(815301076,1909f56bfc062723c751e8b465ee728b)
Number of updated assets reloaded before import = 0
Start importing Assets/RPG_FPS_game_assets_industrial/Textures/Asphalt/Seamless_asphalt_v1/Seamless_asphalt_v1.mat using Guid(999517f045d65924db469ec2a4a5c833) Importer(815301076,1909f56bfc062723c751e8b465ee728b)  -> (artifact id: '06fc4410f579383297b64a7f18618506') in 0.013003 seconds 
Number of asset objects unloaded after import = 3
========================================================================
Received Import Request.
  Time since last request: 0.000057 seconds.
  path: Assets/RPG_FPS_game_assets_industrial/Other_props/Generators/Generator_v1/Source/Generator_v1.mat
  artifactKey: Guid(381346ab5f747d8468f1a25ceb5ee3ef) Importer(815301076,1909f56bfc062723c751e8b465ee728b)
Number of updated assets reloaded before import = 0
Start importing Assets/RPG_FPS_game_assets_industrial/Other_props/Generators/Generator_v1/Source/Generator_v1.mat using Guid(381346ab5f747d8468f1a25ceb5ee3ef) Importer(815301076,1909f56bfc062723c751e8b465ee728b)  -> (artifact id: '146e89df6615dbe701d0685e79c201aa') in 0.007936 seconds 
Number of asset objects unloaded after import = 3
========================================================================
Received Import Request.
  Time since last request: 0.000071 seconds.
  path: Assets/UnityTechnologies/EffectExamples/Shared/Models/Materials/ShooterFPSWeapon.mat
  artifactKey: Guid(89dbeb4ba5551ae409a3bd5812b741c1) Importer(815301076,1909f56bfc062723c751e8b465ee728b)
Number of updated assets reloaded before import = 0
Start importing Assets/UnityTechnologies/EffectExamples/Shared/Models/Materials/ShooterFPSWeapon.mat using Guid(89dbeb4ba5551ae409a3bd5812b741c1) Importer(815301076,1909f56bfc062723c751e8b465ee728b)  -> (artifact id: '02a7c3c85289cfb2624a661cc320613d') in 0.008048 seconds 
Number of asset objects unloaded after import = 2
========================================================================
Received Import Request.
  Time since last request: 0.000072 seconds.
  path: Assets/RPG_FPS_game_assets_industrial/Textures/Asphalt/Road_with_pavements_v1/Road_with_pavements_v1.mat
  artifactKey: Guid(8d5d2d46a0146fa4c86ae0c056e3282d) Importer(815301076,1909f56bfc062723c751e8b465ee728b)
Number of updated assets reloaded before import = 0
Start importing Assets/RPG_FPS_game_assets_industrial/Textures/Asphalt/Road_with_pavements_v1/Road_with_pavements_v1.mat using Guid(8d5d2d46a0146fa4c86ae0c056e3282d) Importer(815301076,1909f56bfc062723c751e8b465ee728b)  -> (artifact id: 'ff050b0906f40ac103593486552d4733') in 0.008239 seconds 
Number of asset objects unloaded after import = 3
========================================================================
Received Import Request.
  Time since last request: 0.000052 seconds.
  path: Assets/FPS Shooting Pack/Materials/Shotgun_Remington_870_mt.mat
  artifactKey: Guid(be95afe436b323a4ea2f011e5f26888d) Importer(815301076,1909f56bfc062723c751e8b465ee728b)
Number of updated assets reloaded before import = 0
Start importing Assets/FPS Shooting Pack/Materials/Shotgun_Remington_870_mt.mat using Guid(be95afe436b323a4ea2f011e5f26888d) Importer(815301076,1909f56bfc062723c751e8b465ee728b)  -> (artifact id: 'fd595365c5c2cdd31f8ea16469e9d66e') in 0.027211 seconds 
Number of asset objects unloaded after import = 6
========================================================================
Received Import Request.
  Time since last request: 0.000056 seconds.
  path: Assets/TextMesh Pro/Examples & Extras/Resources/Fonts & Materials/Bangers SDF Glow.mat
  artifactKey: Guid(d75b8f41e959450c84ac6e967084d3e1) Importer(815301076,1909f56bfc062723c751e8b465ee728b)
Number of updated assets reloaded before import = 0
Start importing Assets/TextMesh Pro/Examples & Extras/Resources/Fonts & Materials/Bangers SDF Glow.mat using Guid(d75b8f41e959450c84ac6e967084d3e1) Importer(815301076,1909f56bfc062723c751e8b465ee728b)  -> (artifact id: '88d3ce7e0242c8f7f528d957611ffb8e') in 0.143685 seconds 
Number of asset objects unloaded after import = 4
========================================================================
Received Import Request.
  Time since last request: 0.000083 seconds.
  path: Assets/UnityTechnologies/EffectExamples/WeaponEffects/Materials/BulletFleshDecal.mat
  artifactKey: Guid(d771645f9ac10d241b18277409d02a55) Importer(815301076,1909f56bfc062723c751e8b465ee728b)
Number of updated assets reloaded before import = 0
Start importing Assets/UnityTechnologies/EffectExamples/WeaponEffects/Materials/BulletFleshDecal.mat using Guid(d771645f9ac10d241b18277409d02a55) Importer(815301076,1909f56bfc062723c751e8b465ee728b)  -> (artifact id: '85f1c2f42cf54c83c4b33247ff247078') in 0.080930 seconds 
Number of asset objects unloaded after import = 5
========================================================================
Received Import Request.
  Time since last request: 0.000062 seconds.
  path: Assets/UnityTechnologies/EffectExamples/Shared/Materials/FleshSurface.mat
  artifactKey: Guid(72bc6ef93dd24b24a92daaf12577d9f1) Importer(815301076,1909f56bfc062723c751e8b465ee728b)
Number of updated assets reloaded before import = 0
Start importing Assets/UnityTechnologies/EffectExamples/Shared/Materials/FleshSurface.mat using Guid(72bc6ef93dd24b24a92daaf12577d9f1) Importer(815301076,1909f56bfc062723c751e8b465ee728b)  -> (artifact id: '7b0298599c7118659523ffedef511743') in 0.007088 seconds 
Number of asset objects unloaded after import = 3
========================================================================
Received Import Request.
  Time since last request: 0.000056 seconds.
  path: Assets/SniperRifle/Materials/Scope/1024/Scope_1024.mat
  artifactKey: Guid(2fc4de1f0b269b84cb38b508c82dfdd2) Importer(815301076,1909f56bfc062723c751e8b465ee728b)
Number of updated assets reloaded before import = 0
Start importing Assets/SniperRifle/Materials/Scope/1024/Scope_1024.mat using Guid(2fc4de1f0b269b84cb38b508c82dfdd2) Importer(815301076,1909f56bfc062723c751e8b465ee728b)  -> (artifact id: '6b74621ad61126517875504168b07566') in 0.037380 seconds 
Number of asset objects unloaded after import = 5
========================================================================
Received Import Request.
  Time since last request: 0.000062 seconds.
  path: Assets/TextMesh Pro/Examples & Extras/Resources/Fonts & Materials/Bangers SDF - Outline.mat
  artifactKey: Guid(f629c6e43dba4bf38cb74d8860150664) Importer(815301076,1909f56bfc062723c751e8b465ee728b)
Number of updated assets reloaded before import = 0
Start importing Assets/TextMesh Pro/Examples & Extras/Resources/Fonts & Materials/Bangers SDF - Outline.mat using Guid(f629c6e43dba4bf38cb74d8860150664) Importer(815301076,1909f56bfc062723c751e8b465ee728b)  -> (artifact id: '63019df3c6960b5a85c86f84f6dbb795') in 0.088947 seconds 
Number of asset objects unloaded after import = 3
========================================================================
Received Import Request.
  Time since last request: 0.000057 seconds.
  path: Assets/RPG_FPS_game_assets_industrial/Fences/Road_blocks/Road_block_v1/Source/Road_block_v1.mat
  artifactKey: Guid(2d466dac55e3cd54ba41e1af2e5e0b6c) Importer(815301076,1909f56bfc062723c751e8b465ee728b)
Number of updated assets reloaded before import = 0
Start importing Assets/RPG_FPS_game_assets_industrial/Fences/Road_blocks/Road_block_v1/Source/Road_block_v1.mat using Guid(2d466dac55e3cd54ba41e1af2e5e0b6c) Importer(815301076,1909f56bfc062723c751e8b465ee728b)  -> (artifact id: '31e481b025047c4360f58e32f635a860') in 0.010087 seconds 
Number of asset objects unloaded after import = 3
========================================================================
Received Import Request.
  Time since last request: 0.000131 seconds.
  path: Assets/TextMesh Pro/Examples & Extras/Materials/Crate - Surface Shader Scene.mat
  artifactKey: Guid(e6b9b44320f4448d9d5e0ee634259966) Importer(815301076,1909f56bfc062723c751e8b465ee728b)
Number of updated assets reloaded before import = 0
Start importing Assets/TextMesh Pro/Examples & Extras/Materials/Crate - Surface Shader Scene.mat using Guid(e6b9b44320f4448d9d5e0ee634259966) Importer(815301076,1909f56bfc062723c751e8b465ee728b)  -> (artifact id: '1ee25ab18b05dd155235e23a269583d6') in 0.023384 seconds 
Number of asset objects unloaded after import = 4
========================================================================
Received Import Request.
  Time since last request: 0.000080 seconds.
  path: Assets/UnityTechnologies/EffectExamples/WeaponEffects/Materials/DustPuffParticle.mat
  artifactKey: Guid(1402721190994cd46b64bf7cba78f5d8) Importer(815301076,1909f56bfc062723c751e8b465ee728b)
Number of updated assets reloaded before import = 0
Start importing Assets/UnityTechnologies/EffectExamples/WeaponEffects/Materials/DustPuffParticle.mat using Guid(1402721190994cd46b64bf7cba78f5d8) Importer(815301076,1909f56bfc062723c751e8b465ee728b)  -> (artifact id: 'd23c86859835804b44b53d97dd6eebac') in 0.007253 seconds 
Number of asset objects unloaded after import = 3
========================================================================
Received Import Request.
  Time since last request: 0.000228 seconds.
  path: Assets/JMO Assets/WarFX/Demo/Assets/WFX_Demo_M_Checker.mat
  artifactKey: Guid(dc070aa3464121b4d92dc268f1a79c93) Importer(815301076,1909f56bfc062723c751e8b465ee728b)
Number of updated assets reloaded before import = 0
Start importing Assets/JMO Assets/WarFX/Demo/Assets/WFX_Demo_M_Checker.mat using Guid(dc070aa3464121b4d92dc268f1a79c93) Importer(815301076,1909f56bfc062723c751e8b465ee728b)  -> (artifact id: '811e78bca4c908fbcf1f1523c434dea1') in 0.006275 seconds 
Number of asset objects unloaded after import = 3
========================================================================
Received Import Request.
  Time since last request: 0.000064 seconds.
  path: Assets/UnityTechnologies/EffectExamples/FireExplosionEffects/Materials/FlameRoundYellowParticle.mat
  artifactKey: Guid(d7f098ed9997e714193be5e86df013f4) Importer(815301076,1909f56bfc062723c751e8b465ee728b)
Number of updated assets reloaded before import = 0
Start importing Assets/UnityTechnologies/EffectExamples/FireExplosionEffects/Materials/FlameRoundYellowParticle.mat using Guid(d7f098ed9997e714193be5e86df013f4) Importer(815301076,1909f56bfc062723c751e8b465ee728b)  -> (artifact id: 'd9b380773b15deddb8e1cc12870dbb8d') in 0.121303 seconds 
Number of asset objects unloaded after import = 3
========================================================================
Received Import Request.
  Time since last request: 0.000059 seconds.
  path: Assets/FPS Shooting Pack/Materials/EXIT_BACK_MT.mat
  artifactKey: Guid(abdde6947b7bc9d42b889cef8612ce90) Importer(815301076,1909f56bfc062723c751e8b465ee728b)
Number of updated assets reloaded before import = 0
Start importing Assets/FPS Shooting Pack/Materials/EXIT_BACK_MT.mat using Guid(abdde6947b7bc9d42b889cef8612ce90) Importer(815301076,1909f56bfc062723c751e8b465ee728b)  -> (artifact id: '413f0be3c5de09f3792d21c15f955458') in 0.009501 seconds 
Number of asset objects unloaded after import = 2
========================================================================
Received Import Request.
  Time since last request: 0.000063 seconds.
  path: Assets/UnityTechnologies/EffectExamples/Blood/Materials/BloodSplashParticle.mat
  artifactKey: Guid(6f3ee23817d2bd74681209e519f72618) Importer(815301076,1909f56bfc062723c751e8b465ee728b)
Number of updated assets reloaded before import = 0
Start importing Assets/UnityTechnologies/EffectExamples/Blood/Materials/BloodSplashParticle.mat using Guid(6f3ee23817d2bd74681209e519f72618) Importer(815301076,1909f56bfc062723c751e8b465ee728b)  -> (artifact id: 'ab3bfa0125270a8f474a3d55ee201613') in 0.010896 seconds 
Number of asset objects unloaded after import = 4
========================================================================
Received Import Request.
  Time since last request: 0.000095 seconds.
  path: Assets/SniperRifle/Materials/2048/Rifle_2048.mat
  artifactKey: Guid(81e547ae9e10db149b8fc8473a42ce4c) Importer(815301076,1909f56bfc062723c751e8b465ee728b)
Number of updated assets reloaded before import = 0
Start importing Assets/SniperRifle/Materials/2048/Rifle_2048.mat using Guid(81e547ae9e10db149b8fc8473a42ce4c) Importer(815301076,1909f56bfc062723c751e8b465ee728b)  -> (artifact id: '5a4650461ee3b6b27290267e5f208a54') in 0.047178 seconds 
Number of asset objects unloaded after import = 6
========================================================================
Received Import Request.
  Time since last request: 0.000051 seconds.
  path: Assets/TextMesh Pro/Examples & Extras/Resources/Fonts & Materials/Bangers SDF Logo.mat
  artifactKey: Guid(f4e195ac1e204eff960149d1cb34e18c) Importer(815301076,1909f56bfc062723c751e8b465ee728b)
Number of updated assets reloaded before import = 0
Start importing Assets/TextMesh Pro/Examples & Extras/Resources/Fonts & Materials/Bangers SDF Logo.mat using Guid(f4e195ac1e204eff960149d1cb34e18c) Importer(815301076,1909f56bfc062723c751e8b465ee728b)  -> (artifact id: 'f0f6e3549ad1abadecb22e719aad801c') in 0.008897 seconds 
Number of asset objects unloaded after import = 5
========================================================================
Received Import Request.
  Time since last request: 0.000049 seconds.
  path: Assets/UnityTechnologies/EffectExamples/WeaponEffects/Materials/BulletDecalWood.mat
  artifactKey: Guid(39babc0a61c17df41bca722640cfc289) Importer(815301076,1909f56bfc062723c751e8b465ee728b)
Number of updated assets reloaded before import = 0
Start importing Assets/UnityTechnologies/EffectExamples/WeaponEffects/Materials/BulletDecalWood.mat using Guid(39babc0a61c17df41bca722640cfc289) Importer(815301076,1909f56bfc062723c751e8b465ee728b)  -> (artifact id: '816923f721238764d95ea6d617560ca1') in 0.008070 seconds 
Number of asset objects unloaded after import = 5
========================================================================
Received Import Request.
  Time since last request: 0.000043 seconds.
  path: Assets/UnityTechnologies/EffectExamples/WeaponEffects/Materials/BulletDecalMetal.mat
  artifactKey: Guid(094e76e620df5714eb3946120657e1f6) Importer(815301076,1909f56bfc062723c751e8b465ee728b)
Number of updated assets reloaded before import = 0
Start importing Assets/UnityTechnologies/EffectExamples/WeaponEffects/Materials/BulletDecalMetal.mat using Guid(094e76e620df5714eb3946120657e1f6) Importer(815301076,1909f56bfc062723c751e8b465ee728b)  -> (artifact id: 'c41aee76743f600750babb167d090e25') in 0.036213 seconds 
Number of asset objects unloaded after import = 4
========================================================================
Received Import Request.
  Time since last request: 0.000070 seconds.
  path: Assets/FPS Shooting Pack/Materials/DOUBLE BARREL WITH UV_shotgun_mt_AlbedoTransparency.mat
  artifactKey: Guid(9fa41d9042ecdc148b323c30b0a5ebf8) Importer(815301076,1909f56bfc062723c751e8b465ee728b)
Number of updated assets reloaded before import = 0
Start importing Assets/FPS Shooting Pack/Materials/DOUBLE BARREL WITH UV_shotgun_mt_AlbedoTransparency.mat using Guid(9fa41d9042ecdc148b323c30b0a5ebf8) Importer(815301076,1909f56bfc062723c751e8b465ee728b)  -> (artifact id: 'bac25e73f07ee81551ea2c5ea5b4fbc4') in 0.018274 seconds 
Number of asset objects unloaded after import = 5
========================================================================
Received Import Request.
  Time since last request: 0.000099 seconds.
  path: Assets/UnityTechnologies/EffectExamples/WeaponEffects/Materials/ShallCasing.mat
  artifactKey: Guid(713f8d12f5dbfb640b7a4874212c2c08) Importer(815301076,1909f56bfc062723c751e8b465ee728b)
Number of updated assets reloaded before import = 0
Start importing Assets/UnityTechnologies/EffectExamples/WeaponEffects/Materials/ShallCasing.mat using Guid(713f8d12f5dbfb640b7a4874212c2c08) Importer(815301076,1909f56bfc062723c751e8b465ee728b)  -> (artifact id: '4d903a4cdf1c37cea18faa1d03ddd763') in 0.005516 seconds 
Number of asset objects unloaded after import = 2
========================================================================
Received Import Request.
  Time since last request: 0.000068 seconds.
  path: Assets/TextMesh Pro/Examples & Extras/Resources/Fonts & Materials/LiberationSans SDF - Overlay.mat
  artifactKey: Guid(9ad269c99dcf42b7aedefd83dd5a7b9d) Importer(815301076,1909f56bfc062723c751e8b465ee728b)
Number of updated assets reloaded before import = 0
Start importing Assets/TextMesh Pro/Examples & Extras/Resources/Fonts & Materials/LiberationSans SDF - Overlay.mat using Guid(9ad269c99dcf42b7aedefd83dd5a7b9d) Importer(815301076,1909f56bfc062723c751e8b465ee728b)  -> (artifact id: '93d4806e37bf4d02b9d6a4243d168f1a') in 0.023860 seconds 
Number of asset objects unloaded after import = 3
========================================================================
Received Import Request.
  Time since last request: 0.000072 seconds.
  path: Assets/FPS Shooting Pack/Materials/gun_colt_mt.mat
  artifactKey: Guid(ac07309d3c8540b428b6e5cee03f2dc4) Importer(815301076,1909f56bfc062723c751e8b465ee728b)
Number of updated assets reloaded before import = 0
Start importing Assets/FPS Shooting Pack/Materials/gun_colt_mt.mat using Guid(ac07309d3c8540b428b6e5cee03f2dc4) Importer(815301076,1909f56bfc062723c751e8b465ee728b)  -> (artifact id: '56c33a24da5957fa9056f48f3a9286fd') in 0.018459 seconds 
Number of asset objects unloaded after import = 6
========================================================================
Received Import Request.
  Time since last request: 0.000073 seconds.
  path: Assets/RPG_FPS_game_assets_industrial/Oil_tanks/Oil_tank_v2/Source/Oil_tank_v2.mat
  artifactKey: Guid(8b1a5387e6ed41c4f926b0d04df05a09) Importer(815301076,1909f56bfc062723c751e8b465ee728b)
Number of updated assets reloaded before import = 0
Start importing Assets/RPG_FPS_game_assets_industrial/Oil_tanks/Oil_tank_v2/Source/Oil_tank_v2.mat using Guid(8b1a5387e6ed41c4f926b0d04df05a09) Importer(815301076,1909f56bfc062723c751e8b465ee728b)  -> (artifact id: 'eac176a9caf079bac598cb5419972ac3') in 0.007132 seconds 
Number of asset objects unloaded after import = 3
========================================================================
Received Import Request.
  Time since last request: 0.000049 seconds.
  path: Assets/SniperRifle/Materials/Scope/1024/Scope_Mobile_1024.mat
  artifactKey: Guid(f284b0631209df346980c66f534d1537) Importer(815301076,1909f56bfc062723c751e8b465ee728b)
Number of updated assets reloaded before import = 0
Start importing Assets/SniperRifle/Materials/Scope/1024/Scope_Mobile_1024.mat using Guid(f284b0631209df346980c66f534d1537) Importer(815301076,1909f56bfc062723c751e8b465ee728b)  -> (artifact id: '0c66d2ced7007e9b9ba21eca1289ab62') in 0.008513 seconds 
Number of asset objects unloaded after import = 5
========================================================================
Received Import Request.
  Time since last request: 0.000040 seconds.
  path: Assets/RPG_FPS_game_assets_industrial/Other_props/Electric_box/Electric_box_v1/Source/Electric_box_v1.mat
  artifactKey: Guid(7929421cb15ed0c4f873c3a43793a4e1) Importer(815301076,1909f56bfc062723c751e8b465ee728b)
Number of updated assets reloaded before import = 0
Start importing Assets/RPG_FPS_game_assets_industrial/Other_props/Electric_box/Electric_box_v1/Source/Electric_box_v1.mat using Guid(7929421cb15ed0c4f873c3a43793a4e1) Importer(815301076,1909f56bfc062723c751e8b465ee728b)  -> (artifact id: '1b74b882bc691fe63d8ba6f238e58245') in 0.006921 seconds 
Number of asset objects unloaded after import = 3
========================================================================
Received Import Request.
  Time since last request: 0.000051 seconds.
  path: Assets/RPG_FPS_game_assets_industrial/Buildings/Industrial/Hangars/Hangar_v1/Source/Hangar_v1.mat
  artifactKey: Guid(aca7f32c011a3e44cb877ccaa92fa086) Importer(815301076,1909f56bfc062723c751e8b465ee728b)
Number of updated assets reloaded before import = 0
Start importing Assets/RPG_FPS_game_assets_industrial/Buildings/Industrial/Hangars/Hangar_v1/Source/Hangar_v1.mat using Guid(aca7f32c011a3e44cb877ccaa92fa086) Importer(815301076,1909f56bfc062723c751e8b465ee728b)  -> (artifact id: '0c9f68d2d21cb9f08098788d411570d5') in 0.008727 seconds 
Number of asset objects unloaded after import = 3
========================================================================
Received Import Request.
  Time since last request: 0.000042 seconds.
  path: Assets/SniperRifle/Materials/1024/Rifle_Camo_1024.mat
  artifactKey: Guid(a6edd42a00044474496be057ab3c16d7) Importer(815301076,1909f56bfc062723c751e8b465ee728b)
Number of updated assets reloaded before import = 0
Start importing Assets/SniperRifle/Materials/1024/Rifle_Camo_1024.mat using Guid(a6edd42a00044474496be057ab3c16d7) Importer(815301076,1909f56bfc062723c751e8b465ee728b)  -> (artifact id: '743391a8a3423b27324736e302b94f41') in 0.008389 seconds 
Number of asset objects unloaded after import = 6
========================================================================
Received Import Request.
  Time since last request: 0.000061 seconds.
  path: Assets/Materials/Test/Red.mat
  artifactKey: Guid(42ef4b2372cba452da68e0cf07b99544) Importer(815301076,1909f56bfc062723c751e8b465ee728b)
Number of updated assets reloaded before import = 0
Start importing Assets/Materials/Test/Red.mat using Guid(42ef4b2372cba452da68e0cf07b99544) Importer(815301076,1909f56bfc062723c751e8b465ee728b)  -> (artifact id: 'bea095a5680e7ee86f575de88ad0685b') in 0.007615 seconds 
Number of asset objects unloaded after import = 2
========================================================================
Received Import Request.
  Time since last request: 0.000046 seconds.
  path: Assets/RPG_FPS_game_assets_industrial/Other_props/Fans/Fan_v1/Source/Fan_v1.mat
  artifactKey: Guid(bd28e287643228a4f8f2ffe825813f0a) Importer(815301076,1909f56bfc062723c751e8b465ee728b)
Number of updated assets reloaded before import = 0
Start importing Assets/RPG_FPS_game_assets_industrial/Other_props/Fans/Fan_v1/Source/Fan_v1.mat using Guid(bd28e287643228a4f8f2ffe825813f0a) Importer(815301076,1909f56bfc062723c751e8b465ee728b)  -> (artifact id: '2726f91d1f4d20c606a406a7ca63892a') in 0.007065 seconds 
Number of asset objects unloaded after import = 3
========================================================================
Received Import Request.
  Time since last request: 0.000046 seconds.
  path: Assets/FPS Shooting Pack/Materials/floorm_mt.mat
  artifactKey: Guid(56dc642ff2f387f4583de7b5797044bb) Importer(815301076,1909f56bfc062723c751e8b465ee728b)
Number of updated assets reloaded before import = 0
Start importing Assets/FPS Shooting Pack/Materials/floorm_mt.mat using Guid(56dc642ff2f387f4583de7b5797044bb) Importer(815301076,1909f56bfc062723c751e8b465ee728b)  -> (artifact id: '7f6be625ababf7a92f8f4e1f13cd6b35') in 0.015430 seconds 
Number of asset objects unloaded after import = 5
========================================================================
Received Import Request.
  Time since last request: 0.000053 seconds.
  path: Assets/TextMesh Pro/Examples & Extras/Resources/Fonts & Materials/Anton SDF - Outline.mat
  artifactKey: Guid(a00013af81304728b2be1f4309ee2433) Importer(815301076,1909f56bfc062723c751e8b465ee728b)
Number of updated assets reloaded before import = 0
Start importing Assets/TextMesh Pro/Examples & Extras/Resources/Fonts & Materials/Anton SDF - Outline.mat using Guid(a00013af81304728b2be1f4309ee2433) Importer(815301076,1909f56bfc062723c751e8b465ee728b)  -> (artifact id: 'c6c196cf320145fc824353278a4fc5b3') in 0.006719 seconds 
Number of asset objects unloaded after import = 3
========================================================================
Received Import Request.
  Time since last request: 0.000046 seconds.
  path: Assets/RPG_FPS_game_assets_industrial/Textures/Transparent/Lattice/Lattice_v1/Lattice_v1.mat
  artifactKey: Guid(666d0826bcae23540ad89fb826867c32) Importer(815301076,1909f56bfc062723c751e8b465ee728b)
Number of updated assets reloaded before import = 0
Start importing Assets/RPG_FPS_game_assets_industrial/Textures/Transparent/Lattice/Lattice_v1/Lattice_v1.mat using Guid(666d0826bcae23540ad89fb826867c32) Importer(815301076,1909f56bfc062723c751e8b465ee728b)  -> (artifact id: '0c9feac90aed5c43ccd43d750ea0adad') in 0.013558 seconds 
Number of asset objects unloaded after import = 3
========================================================================
Received Import Request.
  Time since last request: 0.000107 seconds.
  path: Assets/RPG_FPS_game_assets_industrial/Other_props/Palets/Bags_on_pallet_v1/Source/Bags_on_pallet_v1.mat
  artifactKey: Guid(9b20318cce963404c8c089075ad8cb87) Importer(815301076,1909f56bfc062723c751e8b465ee728b)
Number of updated assets reloaded before import = 0
Start importing Assets/RPG_FPS_game_assets_industrial/Other_props/Palets/Bags_on_pallet_v1/Source/Bags_on_pallet_v1.mat using Guid(9b20318cce963404c8c089075ad8cb87) Importer(815301076,1909f56bfc062723c751e8b465ee728b)  -> (artifact id: 'c4b76f360a5e18e77404ae6949953c74') in 0.007898 seconds 
Number of asset objects unloaded after import = 3
========================================================================
Received Import Request.
  Time since last request: 0.000089 seconds.
  path: Assets/TextMesh Pro/Examples & Extras/Resources/Fonts & Materials/Roboto-Bold SDF - Surface.mat
  artifactKey: Guid(e6b276ec991f467aa14ef1f3cc665993) Importer(815301076,1909f56bfc062723c751e8b465ee728b)
Number of updated assets reloaded before import = 0
Start importing Assets/TextMesh Pro/Examples & Extras/Resources/Fonts & Materials/Roboto-Bold SDF - Surface.mat using Guid(e6b276ec991f467aa14ef1f3cc665993) Importer(815301076,1909f56bfc062723c751e8b465ee728b)  -> (artifact id: '4b6fecf2239dba2d543abe3f96d82c6f') in 0.007102 seconds 
Number of asset objects unloaded after import = 3
========================================================================
Received Import Request.
  Time since last request: 0.000054 seconds.
  path: Assets/Materials/Test/Green.mat
  artifactKey: Guid(a603bf16b9d604d83a1aa8308379aaab) Importer(815301076,1909f56bfc062723c751e8b465ee728b)
Number of updated assets reloaded before import = 0
Start importing Assets/Materials/Test/Green.mat using Guid(a603bf16b9d604d83a1aa8308379aaab) Importer(815301076,1909f56bfc062723c751e8b465ee728b)  -> (artifact id: 'b91b393f58d47793d0f2f97b1aa4e07d') in 0.007698 seconds 
Number of asset objects unloaded after import = 2
========================================================================
Received Import Request.
  Time since last request: 0.000056 seconds.
  path: Assets/UnityTechnologies/EffectExamples/WeaponEffects/Materials/BulletDecalStone.mat
  artifactKey: Guid(a29767879f97b364393df3a772628180) Importer(815301076,1909f56bfc062723c751e8b465ee728b)
Number of updated assets reloaded before import = 0
Start importing Assets/UnityTechnologies/EffectExamples/WeaponEffects/Materials/BulletDecalStone.mat using Guid(a29767879f97b364393df3a772628180) Importer(815301076,1909f56bfc062723c751e8b465ee728b)  -> (artifact id: '8d85e225d2de0884b1542d95c895d7d8') in 0.058691 seconds 
Number of asset objects unloaded after import = 5
========================================================================
Received Import Request.
  Time since last request: 0.000067 seconds.
  path: Assets/FPS Shooting Pack/Materials/roof mt.mat
  artifactKey: Guid(85cba499fb912be4f844210a7aa90447) Importer(815301076,1909f56bfc062723c751e8b465ee728b)
Number of updated assets reloaded before import = 0
Start importing Assets/FPS Shooting Pack/Materials/roof mt.mat using Guid(85cba499fb912be4f844210a7aa90447) Importer(815301076,1909f56bfc062723c751e8b465ee728b)  -> (artifact id: 'ff0e698846c4392350814ea8480435ce') in 0.011692 seconds 
Number of asset objects unloaded after import = 2
========================================================================
Received Import Request.
  Time since last request: 0.000083 seconds.
  path: Assets/RPG_FPS_game_assets_industrial/Textures/Grass/Grass_v1.mat
  artifactKey: Guid(72b1322d6d38696439f8d1e283ddfdf7) Importer(815301076,1909f56bfc062723c751e8b465ee728b)
Number of updated assets reloaded before import = 0
Start importing Assets/RPG_FPS_game_assets_industrial/Textures/Grass/Grass_v1.mat using Guid(72b1322d6d38696439f8d1e283ddfdf7) Importer(815301076,1909f56bfc062723c751e8b465ee728b)  -> (artifact id: '279843f3b26d64c1b8474c56afdb8957') in 0.011656 seconds 
Number of asset objects unloaded after import = 3
========================================================================
Received Import Request.
  Time since last request: 0.000041 seconds.
  path: Assets/RPG_FPS_game_assets_industrial/Buildings/Industrial/Hangars/Hangars_interior/Source/Hangars_interior_v1.mat
  artifactKey: Guid(3c221020d878d374c985ed24b385fedb) Importer(815301076,1909f56bfc062723c751e8b465ee728b)
Number of updated assets reloaded before import = 0
Start importing Assets/RPG_FPS_game_assets_industrial/Buildings/Industrial/Hangars/Hangars_interior/Source/Hangars_interior_v1.mat using Guid(3c221020d878d374c985ed24b385fedb) Importer(815301076,1909f56bfc062723c751e8b465ee728b)  -> (artifact id: 'd79c492744c8f84751b453f6c12788a7') in 0.007878 seconds 
Number of asset objects unloaded after import = 3
========================================================================
Received Import Request.
  Time since last request: 0.000067 seconds.
  path: Assets/SniperRifle/Materials/1024/Rifle_Black_1024.mat
  artifactKey: Guid(d674a76e4868eff40b5975b50f5d8407) Importer(815301076,1909f56bfc062723c751e8b465ee728b)
Number of updated assets reloaded before import = 0
Start importing Assets/SniperRifle/Materials/1024/Rifle_Black_1024.mat using Guid(d674a76e4868eff40b5975b50f5d8407) Importer(815301076,1909f56bfc062723c751e8b465ee728b)  -> (artifact id: '5089fb537ec8b23c54ea944efe7bec2a') in 0.010202 seconds 
Number of asset objects unloaded after import = 6
========================================================================
Received Import Request.
  Time since last request: 0.000047 seconds.
  path: Assets/RPG_FPS_game_assets_industrial/Fences/Concrete_fences/Concrete_fence_v1/Source/Concrete_fence_v1.mat
  artifactKey: Guid(acd39752d1464d2409980e4ae106b986) Importer(815301076,1909f56bfc062723c751e8b465ee728b)
Number of updated assets reloaded before import = 0
Start importing Assets/RPG_FPS_game_assets_industrial/Fences/Concrete_fences/Concrete_fence_v1/Source/Concrete_fence_v1.mat using Guid(acd39752d1464d2409980e4ae106b986) Importer(815301076,1909f56bfc062723c751e8b465ee728b)  -> (artifact id: 'e043ea7408963535421feefd2b3340ca') in 0.007088 seconds 
Number of asset objects unloaded after import = 3
========================================================================
Received Import Request.
  Time since last request: 0.000049 seconds.
  path: Assets/RPG_FPS_game_assets_industrial/Other_props/Palets/Palet_v1/Source/Palet_v1.mat
  artifactKey: Guid(4a8145f028f3ea948a65028b51474a3f) Importer(815301076,1909f56bfc062723c751e8b465ee728b)
Number of updated assets reloaded before import = 0
Start importing Assets/RPG_FPS_game_assets_industrial/Other_props/Palets/Palet_v1/Source/Palet_v1.mat using Guid(4a8145f028f3ea948a65028b51474a3f) Importer(815301076,1909f56bfc062723c751e8b465ee728b)  -> (artifact id: '8da72ae1a0eb2ec50e9d6832bc738f8b') in 0.012847 seconds 
Number of asset objects unloaded after import = 3
========================================================================
Received Import Request.
  Time since last request: 0.000052 seconds.
  path: Assets/JMO Assets/WarFX/Desktop/Materials/Impacts/WFX_M_Impact WoodDebris.mat
  artifactKey: Guid(078ce4622ab78df4aa7130cddc6c0b5c) Importer(815301076,1909f56bfc062723c751e8b465ee728b)
Number of updated assets reloaded before import = 0
Start importing Assets/JMO Assets/WarFX/Desktop/Materials/Impacts/WFX_M_Impact WoodDebris.mat using Guid(078ce4622ab78df4aa7130cddc6c0b5c) Importer(815301076,1909f56bfc062723c751e8b465ee728b)  -> (artifact id: 'dbf059792e0ef40820d70a272cfc7bf7') in 0.007054 seconds 
Number of asset objects unloaded after import = 3
========================================================================
Received Import Request.
  Time since last request: 0.000052 seconds.
  path: Assets/RPG_FPS_game_assets_industrial/Barrels/Barrel_v2/Source/Barrel_v2.mat
  artifactKey: Guid(cd2f24c07b1bce24fa0066430da2910b) Importer(815301076,1909f56bfc062723c751e8b465ee728b)
Number of updated assets reloaded before import = 0
Start importing Assets/RPG_FPS_game_assets_industrial/Barrels/Barrel_v2/Source/Barrel_v2.mat using Guid(cd2f24c07b1bce24fa0066430da2910b) Importer(815301076,1909f56bfc062723c751e8b465ee728b)  -> (artifact id: '73013c2396ffe2f62412c77d1554930a') in 0.007789 seconds 
Number of asset objects unloaded after import = 3
========================================================================
Received Import Request.
  Time since last request: 0.000068 seconds.
  path: Assets/RPG_FPS_game_assets_industrial/Buildings/Industrial/Hangars/Hangar_v3/Source/Hangar_v3.mat
  artifactKey: Guid(04217182e1d62cf478028b88bd3f911d) Importer(815301076,1909f56bfc062723c751e8b465ee728b)
Number of updated assets reloaded before import = 0
Start importing Assets/RPG_FPS_game_assets_industrial/Buildings/Industrial/Hangars/Hangar_v3/Source/Hangar_v3.mat using Guid(04217182e1d62cf478028b88bd3f911d) Importer(815301076,1909f56bfc062723c751e8b465ee728b)  -> (artifact id: '89174148b4bb899929e2c458e5789ab1') in 0.013398 seconds 
Number of asset objects unloaded after import = 3
========================================================================
Received Import Request.
  Time since last request: 0.000055 seconds.
  path: Assets/UnityTechnologies/EffectExamples/Shared/Models/Materials/No Name.mat
  artifactKey: Guid(451ddf5f145f097438c920eb68fc6397) Importer(815301076,1909f56bfc062723c751e8b465ee728b)
Number of updated assets reloaded before import = 0
Start importing Assets/UnityTechnologies/EffectExamples/Shared/Models/Materials/No Name.mat using Guid(451ddf5f145f097438c920eb68fc6397) Importer(815301076,1909f56bfc062723c751e8b465ee728b)  -> (artifact id: '9e74c83da4893a85194197f437e0f070') in 0.007308 seconds 
Number of asset objects unloaded after import = 2
========================================================================
Received Import Request.
  Time since last request: 0.000058 seconds.
  path: Assets/TextMesh Pro/Examples & Extras/Resources/Fonts & Materials/Bangers SDF - Drop Shadow.mat
  artifactKey: Guid(f2dcf029949142e28b974630369c8b4e) Importer(815301076,1909f56bfc062723c751e8b465ee728b)
Number of updated assets reloaded before import = 0
Start importing Assets/TextMesh Pro/Examples & Extras/Resources/Fonts & Materials/Bangers SDF - Drop Shadow.mat using Guid(f2dcf029949142e28b974630369c8b4e) Importer(815301076,1909f56bfc062723c751e8b465ee728b)  -> (artifact id: 'f3d16db9da606822dbb8655499a7f311') in 0.095940 seconds 
Number of asset objects unloaded after import = 3
========================================================================
Received Import Request.
  Time since last request: 0.000042 seconds.
  path: Assets/FPS Shooting Pack/Materials/cross_bow_mt.mat
  artifactKey: Guid(4b0eefa12f2816344859c9c0a1e7e263) Importer(815301076,1909f56bfc062723c751e8b465ee728b)
Number of updated assets reloaded before import = 0
Start importing Assets/FPS Shooting Pack/Materials/cross_bow_mt.mat using Guid(4b0eefa12f2816344859c9c0a1e7e263) Importer(815301076,1909f56bfc062723c751e8b465ee728b)  -> (artifact id: 'ee6784f6fa8575c79bdaffcad1770d5d') in 0.020152 seconds 
Number of asset objects unloaded after import = 5
========================================================================
Received Import Request.
  Time since last request: 0.000054 seconds.
  path: Assets/UnityTechnologies/EffectExamples/Shared/Models/Materials/MazeLowMan.mat
  artifactKey: Guid(d695529081158d44f84e349bd501fde6) Importer(815301076,1909f56bfc062723c751e8b465ee728b)
Number of updated assets reloaded before import = 0
Start importing Assets/UnityTechnologies/EffectExamples/Shared/Models/Materials/MazeLowMan.mat using Guid(d695529081158d44f84e349bd501fde6) Importer(815301076,1909f56bfc062723c751e8b465ee728b)  -> (artifact id: '46644b119435ac11c1b8eabfa0089599') in 0.005615 seconds 
Number of asset objects unloaded after import = 2
========================================================================
Received Import Request.
  Time since last request: 0.000062 seconds.
  path: Assets/TextMesh Pro/Examples & Extras/Resources/Fonts & Materials/Anton SDF - Drop Shadow.mat
  artifactKey: Guid(749b9069dc4742c5bfa5c74644049926) Importer(815301076,1909f56bfc062723c751e8b465ee728b)
Number of updated assets reloaded before import = 0
Start importing Assets/TextMesh Pro/Examples & Extras/Resources/Fonts & Materials/Anton SDF - Drop Shadow.mat using Guid(749b9069dc4742c5bfa5c74644049926) Importer(815301076,1909f56bfc062723c751e8b465ee728b)  -> (artifact id: '4e921ea4db1a56f4f616441d312326ba') in 0.006723 seconds 
Number of asset objects unloaded after import = 3
========================================================================
Received Import Request.
  Time since last request: 0.000063 seconds.
  path: Assets/QuickOutline/Samples/Materials/Plane.mat
  artifactKey: Guid(f58cf65ea995c4b45be95713bdea8134) Importer(815301076,1909f56bfc062723c751e8b465ee728b)
Number of updated assets reloaded before import = 0
Start importing Assets/QuickOutline/Samples/Materials/Plane.mat using Guid(f58cf65ea995c4b45be95713bdea8134) Importer(815301076,1909f56bfc062723c751e8b465ee728b)  -> (artifact id: '034b3914a728bb0019600914f904de6b') in 0.005835 seconds 
Number of asset objects unloaded after import = 2
========================================================================
Received Import Request.
  Time since last request: 0.000053 seconds.
  path: Assets/RPG_FPS_game_assets_industrial/Buildings/Industrial/Hangars/Hangar_v7/Source/Hangar_v7.mat
  artifactKey: Guid(e3532bf1b8f2e714ab5792fe9a0e786b) Importer(815301076,1909f56bfc062723c751e8b465ee728b)
Number of updated assets reloaded before import = 0
Start importing Assets/RPG_FPS_game_assets_industrial/Buildings/Industrial/Hangars/Hangar_v7/Source/Hangar_v7.mat using Guid(e3532bf1b8f2e714ab5792fe9a0e786b) Importer(815301076,1909f56bfc062723c751e8b465ee728b)  -> (artifact id: 'f1e9eef664e8ca5cded727598056b4c9') in 0.008609 seconds 
Number of asset objects unloaded after import = 3
========================================================================
Received Import Request.
  Time since last request: 0.000072 seconds.
  path: Assets/SniperRifle/Materials/4096/Rifle_Black_4096.mat
  artifactKey: Guid(c46db185a3760c64c98daaf5b55d8924) Importer(815301076,1909f56bfc062723c751e8b465ee728b)
Number of updated assets reloaded before import = 0
Start importing Assets/SniperRifle/Materials/4096/Rifle_Black_4096.mat using Guid(c46db185a3760c64c98daaf5b55d8924) Importer(815301076,1909f56bfc062723c751e8b465ee728b)  -> (artifact id: '53a71b62703052aa444d9d587b85cf0b') in 0.038986 seconds 
Number of asset objects unloaded after import = 6
========================================================================
Received Import Request.
  Time since last request: 0.000074 seconds.
  path: Assets/TextMesh Pro/Examples & Extras/Resources/Fonts & Materials/LiberationSans SDF - Metalic Green.mat
  artifactKey: Guid(8b29aaa3eec7468097ff07adfcf29ac9) Importer(815301076,1909f56bfc062723c751e8b465ee728b)
Number of updated assets reloaded before import = 0
Start importing Assets/TextMesh Pro/Examples & Extras/Resources/Fonts & Materials/LiberationSans SDF - Metalic Green.mat using Guid(8b29aaa3eec7468097ff07adfcf29ac9) Importer(815301076,1909f56bfc062723c751e8b465ee728b)  -> (artifact id: '45cbb6685f9f97f6359d5553a9a83f42') in 0.160304 seconds 
Number of asset objects unloaded after import = 5
========================================================================
Received Prepare
Registering precompiled user dll's ...
Registered in 0.002189 seconds.
Begin MonoManager ReloadAssembly
Thread 0x332c87000 may have been prematurely finalized
Native extension for OSXStandalone target not found
Refreshing native plugins compatible for Editor in 0.65 ms, found 2 plugins.
Preloading 0 native plugins for Editor in 0.00 ms.
[Package Manager] Server::EnsureServerProcessIsRunning -- launch failed, reason: Unity was launched with the -noUpm command-line argument
[Package Manager] Cannot connect to Unity Package Manager local server
Mono: successfully reloaded assembly
- Completed reload, in  1.146 seconds
Domain Reload Profiling:
	ReloadAssembly (1146ms)
		BeginReloadAssembly (148ms)
			ExecutionOrderSort (0ms)
			DisableScriptedObjects (8ms)
			BackupInstance (0ms)
			ReleaseScriptingObjects (0ms)
			CreateAndSetChildDomain (74ms)
		EndReloadAssembly (941ms)
			LoadAssemblies (65ms)
			RebuildTransferFunctionScriptingTraits (0ms)
			SetupTypeCache (216ms)
			ReleaseScriptCaches (2ms)
			RebuildScriptCaches (42ms)
			SetupLoadedEditorAssemblies (567ms)
				LogAssemblyErrors (0ms)
				InitializePlatformSupportModulesInManaged (2ms)
				SetLoadedEditorAssemblies (0ms)
				RefreshPlugins (1ms)
				BeforeProcessingInitializeOnLoad (49ms)
				ProcessInitializeOnLoadAttributes (468ms)
				ProcessInitializeOnLoadMethodAttributes (46ms)
				AfterProcessingInitializeOnLoad (1ms)
				EditorAssembliesLoaded (0ms)
			ExecutionOrderSort2 (0ms)
			AwakeInstancesAfterBackupRestoration (14ms)
Platform modules already initialized, skipping
Shader 'WFX/Transparent Diffuse': fallback shader 'Particles/Alpha Blended' not found
Shader 'WFX/Transparent Specular': fallback shader 'Particles/Alpha Blended' not found
Refreshing native plugins compatible for Editor in 1.03 ms, found 2 plugins.
Preloading 0 native plugins for Editor in 0.00 ms.
Unloading 5127 Unused Serialized files (Serialized files now loaded: 0)
Unloading 91 unused Assets / (23.0 MB). Loaded Objects now: 5826.
Memory consumption went from 254.1 MB to 231.2 MB.
Total: 5.351459 ms (FindLiveObjects: 0.264084 ms CreateObjectMapping: 0.090166 ms MarkObjects: 2.915958 ms  DeleteObjects: 2.080250 ms)

AssetImportParameters requested are different than current active one (requested -> active):
  custom:video-decoder-ogg-theora: a1e56fd34408186e4bbccfd4996cb3dc -> 
  custom:container-muxer-webm: aa71ff27fc2769a1b78a27578f13a17b -> 
  custom:container-demuxer-webm: 4f35f7cbe854078d1ac9338744f61a02 -> 
  custom:video-encoder-webm-vp8: eb34c28f22e8b96e1ab97ce403110664 -> 
  custom:framework-osx-AVFoundation: e770b220cccbd017edd2c1fefb359320 -> 
  custom:CustomObjectIndexerAttribute: f67f22312cbe972f2da930a377ed3d15 -> 
  custom:audio-encoder-webm-vorbis: bf7c407c2cedff20999df2af8eb42d56 -> 
  custom:SearchIndexIgnoredProperties: e643bd26f0fe6173181afceb89e7c659 -> 
  custom:container-demuxer-ogg: 62fdf1f143b41e24485cea50d1cbac27 -> 
  custom:video-decoder-webm-vp8: 9c59270c3fd7afecdb556c50c9e8de78 -> 
  custom:audio-decoder-ogg-vorbis: bf7c407c2cedff20999df2af8eb42d56 -> 
========================================================================
Received Prepare
Registering precompiled user dll's ...
Registered in 0.002454 seconds.
Begin MonoManager ReloadAssembly
Thread 0x16db1f000 may have been prematurely finalized
Native extension for OSXStandalone target not found
Refreshing native plugins compatible for Editor in 1.39 ms, found 2 plugins.
Preloading 0 native plugins for Editor in 0.00 ms.
[Package Manager] Server::EnsureServerProcessIsRunning -- launch failed, reason: Unity was launched with the -noUpm command-line argument
[Package Manager] Cannot connect to Unity Package Manager local server
Mono: successfully reloaded assembly
- Completed reload, in  1.131 seconds
Domain Reload Profiling:
	ReloadAssembly (1132ms)
		BeginReloadAssembly (141ms)
			ExecutionOrderSort (0ms)
			DisableScriptedObjects (5ms)
			BackupInstance (0ms)
			ReleaseScriptingObjects (0ms)
			CreateAndSetChildDomain (74ms)
		EndReloadAssembly (931ms)
			LoadAssemblies (56ms)
			RebuildTransferFunctionScriptingTraits (0ms)
			SetupTypeCache (218ms)
			ReleaseScriptCaches (3ms)
			RebuildScriptCaches (36ms)
			SetupLoadedEditorAssemblies (577ms)
				LogAssemblyErrors (0ms)
				InitializePlatformSupportModulesInManaged (2ms)
				SetLoadedEditorAssemblies (0ms)
				RefreshPlugins (1ms)
				BeforeProcessingInitializeOnLoad (49ms)
				ProcessInitializeOnLoadAttributes (473ms)
				ProcessInitializeOnLoadMethodAttributes (50ms)
				AfterProcessingInitializeOnLoad (1ms)
				EditorAssembliesLoaded (0ms)
			ExecutionOrderSort2 (0ms)
			AwakeInstancesAfterBackupRestoration (11ms)
Platform modules already initialized, skipping
Shader 'WFX/Transparent Diffuse': fallback shader 'Particles/Alpha Blended' not found
Shader 'WFX/Transparent Specular': fallback shader 'Particles/Alpha Blended' not found
Refreshing native plugins compatible for Editor in 0.82 ms, found 2 plugins.
Preloading 0 native plugins for Editor in 0.00 ms.
Unloading 5119 Unused Serialized files (Serialized files now loaded: 0)
Unloading 73 unused Assets / (23.0 MB). Loaded Objects now: 5830.
Memory consumption went from 253.5 MB to 230.6 MB.
Total: 5.647792 ms (FindLiveObjects: 0.220083 ms CreateObjectMapping: 0.109792 ms MarkObjects: 3.119333 ms  DeleteObjects: 2.197167 ms)

AssetImportParameters requested are different than current active one (requested -> active):
  custom:video-decoder-ogg-theora: a1e56fd34408186e4bbccfd4996cb3dc -> 
  custom:container-muxer-webm: aa71ff27fc2769a1b78a27578f13a17b -> 
  custom:container-demuxer-webm: 4f35f7cbe854078d1ac9338744f61a02 -> 
  custom:video-encoder-webm-vp8: eb34c28f22e8b96e1ab97ce403110664 -> 
  custom:framework-osx-AVFoundation: e770b220cccbd017edd2c1fefb359320 -> 
  custom:CustomObjectIndexerAttribute: f67f22312cbe972f2da930a377ed3d15 -> 
  custom:audio-encoder-webm-vorbis: bf7c407c2cedff20999df2af8eb42d56 -> 
  custom:SearchIndexIgnoredProperties: e643bd26f0fe6173181afceb89e7c659 -> 
  custom:container-demuxer-ogg: 62fdf1f143b41e24485cea50d1cbac27 -> 
  custom:video-decoder-webm-vp8: 9c59270c3fd7afecdb556c50c9e8de78 -> 
  custom:audio-decoder-ogg-vorbis: bf7c407c2cedff20999df2af8eb42d56 -> 
========================================================================
Received Prepare
Registering precompiled user dll's ...
Registered in 0.002037 seconds.
Begin MonoManager ReloadAssembly
Thread 0x16da93000 may have been prematurely finalized
Native extension for OSXStandalone target not found
Refreshing native plugins compatible for Editor in 1.45 ms, found 2 plugins.
Preloading 0 native plugins for Editor in 0.00 ms.
[Package Manager] Server::EnsureServerProcessIsRunning -- launch failed, reason: Unity was launched with the -noUpm command-line argument
[Package Manager] Cannot connect to Unity Package Manager local server
Mono: successfully reloaded assembly
- Completed reload, in  1.159 seconds
Domain Reload Profiling:
	ReloadAssembly (1160ms)
		BeginReloadAssembly (163ms)
			ExecutionOrderSort (0ms)
			DisableScriptedObjects (12ms)
			BackupInstance (0ms)
			ReleaseScriptingObjects (0ms)
			CreateAndSetChildDomain (87ms)
		EndReloadAssembly (939ms)
			LoadAssemblies (57ms)
			RebuildTransferFunctionScriptingTraits (0ms)
			SetupTypeCache (227ms)
			ReleaseScriptCaches (5ms)
			RebuildScriptCaches (35ms)
			SetupLoadedEditorAssemblies (569ms)
				LogAssemblyErrors (0ms)
				InitializePlatformSupportModulesInManaged (2ms)
				SetLoadedEditorAssemblies (0ms)
				RefreshPlugins (2ms)
				BeforeProcessingInitializeOnLoad (49ms)
				ProcessInitializeOnLoadAttributes (467ms)
				ProcessInitializeOnLoadMethodAttributes (48ms)
				AfterProcessingInitializeOnLoad (1ms)
				EditorAssembliesLoaded (0ms)
			ExecutionOrderSort2 (0ms)
			AwakeInstancesAfterBackupRestoration (11ms)
Platform modules already initialized, skipping
Shader 'WFX/Transparent Diffuse': fallback shader 'Particles/Alpha Blended' not found
Shader 'WFX/Transparent Specular': fallback shader 'Particles/Alpha Blended' not found
Refreshing native plugins compatible for Editor in 0.93 ms, found 2 plugins.
Preloading 0 native plugins for Editor in 0.00 ms.
Unloading 5119 Unused Serialized files (Serialized files now loaded: 0)
Unloading 73 unused Assets / (23.0 MB). Loaded Objects now: 5834.
Memory consumption went from 253.5 MB to 230.6 MB.
Total: 4.881041 ms (FindLiveObjects: 0.201917 ms CreateObjectMapping: 0.099708 ms MarkObjects: 2.827375 ms  DeleteObjects: 1.750666 ms)

AssetImportParameters requested are different than current active one (requested -> active):
  custom:video-decoder-ogg-theora: a1e56fd34408186e4bbccfd4996cb3dc -> 
  custom:container-muxer-webm: aa71ff27fc2769a1b78a27578f13a17b -> 
  custom:container-demuxer-webm: 4f35f7cbe854078d1ac9338744f61a02 -> 
  custom:video-encoder-webm-vp8: eb34c28f22e8b96e1ab97ce403110664 -> 
  custom:framework-osx-AVFoundation: e770b220cccbd017edd2c1fefb359320 -> 
  custom:CustomObjectIndexerAttribute: f67f22312cbe972f2da930a377ed3d15 -> 
  custom:audio-encoder-webm-vorbis: bf7c407c2cedff20999df2af8eb42d56 -> 
  custom:SearchIndexIgnoredProperties: e643bd26f0fe6173181afceb89e7c659 -> 
  custom:container-demuxer-ogg: 62fdf1f143b41e24485cea50d1cbac27 -> 
  custom:video-decoder-webm-vp8: 9c59270c3fd7afecdb556c50c9e8de78 -> 
  custom:audio-decoder-ogg-vorbis: bf7c407c2cedff20999df2af8eb42d56 -> 
========================================================================
Received Import Request.
  Time since last request: 746.139689 seconds.
  path: Assets/UnityTechnologies/EffectExamples/Shared/Models/FPSWeapon.fbx
  artifactKey: Guid(47509307932d1e140a2b4d9024d228e4) Importer(815301076,1909f56bfc062723c751e8b465ee728b)
Number of updated assets reloaded before import = 0
Start importing Assets/UnityTechnologies/EffectExamples/Shared/Models/FPSWeapon.fbx using Guid(47509307932d1e140a2b4d9024d228e4) Importer(815301076,1909f56bfc062723c751e8b465ee728b)  -> (artifact id: '5e909240e9caeed2f1a32f9e9b467df5') in 0.305353 seconds 
Number of asset objects unloaded after import = 9
========================================================================
Received Import Request.
  Time since last request: 1145.425523 seconds.
  path: Assets/MASH Virtual/Table/Prefab/Table_Old.prefab
  artifactKey: Guid(70ba99294aa3c1047a523b23d168a5d0) Importer(815301076,1909f56bfc062723c751e8b465ee728b)
Number of updated assets reloaded before import = 0
Start importing Assets/MASH Virtual/Table/Prefab/Table_Old.prefab using Guid(70ba99294aa3c1047a523b23d168a5d0) Importer(815301076,1909f56bfc062723c751e8b465ee728b)  -> (artifact id: '28dc5bb0bc9ba687274ce7ef808ea487') in 0.229106 seconds 
Number of asset objects unloaded after import = 12
========================================================================
Received Import Request.
  Time since last request: 3.271055 seconds.
  path: Assets/MASH Virtual/Table/Material/Table New Mat.mat
  artifactKey: Guid(49f2633e52a7cd94ca090388a0d0e87c) Importer(815301076,1909f56bfc062723c751e8b465ee728b)
Number of updated assets reloaded before import = 0
Start importing Assets/MASH Virtual/Table/Material/Table New Mat.mat using Guid(49f2633e52a7cd94ca090388a0d0e87c) Importer(815301076,1909f56bfc062723c751e8b465ee728b)  -> (artifact id: '2956a6d220a1837472b28128e40f006c') in 0.040756 seconds 
Number of asset objects unloaded after import = 5
========================================================================
Received Import Request.
  Time since last request: 17.186992 seconds.
  path: Assets/MASH Virtual/Table/Texutre/Parking_Table_Table_New_MetallicSmoothness.png
  artifactKey: Guid(d82b153e3f1c6c24cbbba94421c45d9b) Importer(815301076,1909f56bfc062723c751e8b465ee728b)
Number of updated assets reloaded before import = 0
Start importing Assets/MASH Virtual/Table/Texutre/Parking_Table_Table_New_MetallicSmoothness.png using Guid(d82b153e3f1c6c24cbbba94421c45d9b) Importer(815301076,1909f56bfc062723c751e8b465ee728b)  -> (artifact id: '0b96f098589f52a89363816bd2c11884') in 0.244795 seconds 
Number of asset objects unloaded after import = 2
========================================================================
Received Import Request.
  Time since last request: 0.000136 seconds.
  path: Assets/MASH Virtual/Table/Texutre/Plane_phong1_MetallicSmoothness.png
  artifactKey: Guid(37ddf6bd6548a274b9ea52f29289d0e6) Importer(815301076,1909f56bfc062723c751e8b465ee728b)
Number of updated assets reloaded before import = 0
Start importing Assets/MASH Virtual/Table/Texutre/Plane_phong1_MetallicSmoothness.png using Guid(37ddf6bd6548a274b9ea52f29289d0e6) Importer(815301076,1909f56bfc062723c751e8b465ee728b)  -> (artifact id: '96d995216349f85d081627d4a8066761') in 0.008343 seconds 
Number of asset objects unloaded after import = 2
========================================================================
Received Import Request.
  Time since last request: 0.000042 seconds.
  path: Assets/MASH Virtual/Table/Texutre/Parking_Table_Table_Old_AlbedoTransparency.png
  artifactKey: Guid(8f68c1c9776b78144a82796fbfa3c013) Importer(815301076,1909f56bfc062723c751e8b465ee728b)
Number of updated assets reloaded before import = 0
Start importing Assets/MASH Virtual/Table/Texutre/Parking_Table_Table_Old_AlbedoTransparency.png using Guid(8f68c1c9776b78144a82796fbfa3c013) Importer(815301076,1909f56bfc062723c751e8b465ee728b)  -> (artifact id: '6cec6d7263936bb321843bb379045442') in 0.007373 seconds 
Number of asset objects unloaded after import = 2
========================================================================
Received Import Request.
  Time since last request: 0.000038 seconds.
  path: Assets/MASH Virtual/Table/Texutre/Plane_phong1_AlbedoTransparency.png
  artifactKey: Guid(d4de1d36c48b0544abebf259804acdc8) Importer(815301076,1909f56bfc062723c751e8b465ee728b)
Number of updated assets reloaded before import = 0
Start importing Assets/MASH Virtual/Table/Texutre/Plane_phong1_AlbedoTransparency.png using Guid(d4de1d36c48b0544abebf259804acdc8) Importer(815301076,1909f56bfc062723c751e8b465ee728b)  -> (artifact id: '7dbaa8f3f67e090d42cd21e7d6c3ad91') in 0.005572 seconds 
Number of asset objects unloaded after import = 2
========================================================================
Received Import Request.
  Time since last request: 0.000080 seconds.
  path: Assets/MASH Virtual/Table/Texutre/Parking_Table_Table_Old_Normal.png
  artifactKey: Guid(27550fee6799f8a4bb46e907514ace65) Importer(815301076,1909f56bfc062723c751e8b465ee728b)
Number of updated assets reloaded before import = 0
Start importing Assets/MASH Virtual/Table/Texutre/Parking_Table_Table_Old_Normal.png using Guid(27550fee6799f8a4bb46e907514ace65) Importer(815301076,1909f56bfc062723c751e8b465ee728b)  -> (artifact id: 'bfc94dda16d1de5080fc900b86b44883') in 0.013031 seconds 
Number of asset objects unloaded after import = 2
========================================================================
Received Prepare
Registering precompiled user dll's ...
Registered in 0.002056 seconds.
Begin MonoManager ReloadAssembly
Thread 0x16da93000 may have been prematurely finalized
Native extension for OSXStandalone target not found
Refreshing native plugins compatible for Editor in 1.15 ms, found 2 plugins.
Preloading 0 native plugins for Editor in 0.00 ms.
[Package Manager] Server::EnsureServerProcessIsRunning -- launch failed, reason: Unity was launched with the -noUpm command-line argument
[Package Manager] Cannot connect to Unity Package Manager local server
Mono: successfully reloaded assembly
- Completed reload, in  1.153 seconds
Domain Reload Profiling:
	ReloadAssembly (1154ms)
		BeginReloadAssembly (153ms)
			ExecutionOrderSort (0ms)
			DisableScriptedObjects (17ms)
			BackupInstance (0ms)
			ReleaseScriptingObjects (0ms)
			CreateAndSetChildDomain (75ms)
		EndReloadAssembly (938ms)
			LoadAssemblies (64ms)
			RebuildTransferFunctionScriptingTraits (0ms)
			SetupTypeCache (214ms)
			ReleaseScriptCaches (2ms)
			RebuildScriptCaches (38ms)
			SetupLoadedEditorAssemblies (578ms)
				LogAssemblyErrors (0ms)
				InitializePlatformSupportModulesInManaged (3ms)
				SetLoadedEditorAssemblies (0ms)
				RefreshPlugins (1ms)
				BeforeProcessingInitializeOnLoad (50ms)
				ProcessInitializeOnLoadAttributes (476ms)
				ProcessInitializeOnLoadMethodAttributes (48ms)
				AfterProcessingInitializeOnLoad (1ms)
				EditorAssembliesLoaded (0ms)
			ExecutionOrderSort2 (0ms)
			AwakeInstancesAfterBackupRestoration (15ms)
Platform modules already initialized, skipping
Shader 'WFX/Transparent Diffuse': fallback shader 'Particles/Alpha Blended' not found
Shader 'WFX/Transparent Specular': fallback shader 'Particles/Alpha Blended' not found
Refreshing native plugins compatible for Editor in 0.95 ms, found 2 plugins.
Preloading 0 native plugins for Editor in 0.00 ms.
Unloading 5119 Unused Serialized files (Serialized files now loaded: 0)
Unloading 91 unused Assets / (23.0 MB). Loaded Objects now: 5883.
Memory consumption went from 266.3 MB to 243.3 MB.
Total: 5.148209 ms (FindLiveObjects: 0.322333 ms CreateObjectMapping: 0.143000 ms MarkObjects: 2.849708 ms  DeleteObjects: 1.832458 ms)

AssetImportParameters requested are different than current active one (requested -> active):
  custom:video-decoder-ogg-theora: a1e56fd34408186e4bbccfd4996cb3dc -> 
  custom:container-muxer-webm: aa71ff27fc2769a1b78a27578f13a17b -> 
  custom:container-demuxer-webm: 4f35f7cbe854078d1ac9338744f61a02 -> 
  custom:video-encoder-webm-vp8: eb34c28f22e8b96e1ab97ce403110664 -> 
  custom:framework-osx-AVFoundation: e770b220cccbd017edd2c1fefb359320 -> 
  custom:CustomObjectIndexerAttribute: f67f22312cbe972f2da930a377ed3d15 -> 
  custom:audio-encoder-webm-vorbis: bf7c407c2cedff20999df2af8eb42d56 -> 
  custom:SearchIndexIgnoredProperties: e643bd26f0fe6173181afceb89e7c659 -> 
  custom:container-demuxer-ogg: 62fdf1f143b41e24485cea50d1cbac27 -> 
  custom:video-decoder-webm-vp8: 9c59270c3fd7afecdb556c50c9e8de78 -> 
  custom:audio-decoder-ogg-vorbis: bf7c407c2cedff20999df2af8eb42d56 -> 
========================================================================
Received Prepare
Registering precompiled user dll's ...
Registered in 0.002120 seconds.
Begin MonoManager ReloadAssembly
Thread 0x16da93000 may have been prematurely finalized
Native extension for OSXStandalone target not found
Refreshing native plugins compatible for Editor in 0.95 ms, found 2 plugins.
Preloading 0 native plugins for Editor in 0.00 ms.
[Package Manager] Server::EnsureServerProcessIsRunning -- launch failed, reason: Unity was launched with the -noUpm command-line argument
[Package Manager] Cannot connect to Unity Package Manager local server
Mono: successfully reloaded assembly
- Completed reload, in  1.128 seconds
Domain Reload Profiling:
	ReloadAssembly (1129ms)
		BeginReloadAssembly (134ms)
			ExecutionOrderSort (0ms)
			DisableScriptedObjects (5ms)
			BackupInstance (0ms)
			ReleaseScriptingObjects (0ms)
			CreateAndSetChildDomain (63ms)
		EndReloadAssembly (935ms)
			LoadAssemblies (60ms)
			RebuildTransferFunctionScriptingTraits (0ms)
			SetupTypeCache (220ms)
			ReleaseScriptCaches (2ms)
			RebuildScriptCaches (36ms)
			SetupLoadedEditorAssemblies (578ms)
				LogAssemblyErrors (0ms)
				InitializePlatformSupportModulesInManaged (2ms)
				SetLoadedEditorAssemblies (0ms)
				RefreshPlugins (1ms)
				BeforeProcessingInitializeOnLoad (50ms)
				ProcessInitializeOnLoadAttributes (476ms)
				ProcessInitializeOnLoadMethodAttributes (48ms)
				AfterProcessingInitializeOnLoad (1ms)
				EditorAssembliesLoaded (0ms)
			ExecutionOrderSort2 (0ms)
			AwakeInstancesAfterBackupRestoration (12ms)
Platform modules already initialized, skipping
Shader 'WFX/Transparent Diffuse': fallback shader 'Particles/Alpha Blended' not found
Shader 'WFX/Transparent Specular': fallback shader 'Particles/Alpha Blended' not found
Refreshing native plugins compatible for Editor in 0.83 ms, found 2 plugins.
Preloading 0 native plugins for Editor in 0.00 ms.
Unloading 5119 Unused Serialized files (Serialized files now loaded: 0)
Unloading 73 unused Assets / (23.0 MB). Loaded Objects now: 5887.
Memory consumption went from 266.0 MB to 243.0 MB.
Total: 5.046125 ms (FindLiveObjects: 0.246167 ms CreateObjectMapping: 0.111375 ms MarkObjects: 2.651750 ms  DeleteObjects: 2.035916 ms)

AssetImportParameters requested are different than current active one (requested -> active):
  custom:video-decoder-ogg-theora: a1e56fd34408186e4bbccfd4996cb3dc -> 
  custom:container-muxer-webm: aa71ff27fc2769a1b78a27578f13a17b -> 
  custom:container-demuxer-webm: 4f35f7cbe854078d1ac9338744f61a02 -> 
  custom:video-encoder-webm-vp8: eb34c28f22e8b96e1ab97ce403110664 -> 
  custom:framework-osx-AVFoundation: e770b220cccbd017edd2c1fefb359320 -> 
  custom:CustomObjectIndexerAttribute: f67f22312cbe972f2da930a377ed3d15 -> 
  custom:audio-encoder-webm-vorbis: bf7c407c2cedff20999df2af8eb42d56 -> 
  custom:SearchIndexIgnoredProperties: e643bd26f0fe6173181afceb89e7c659 -> 
  custom:container-demuxer-ogg: 62fdf1f143b41e24485cea50d1cbac27 -> 
  custom:video-decoder-webm-vp8: 9c59270c3fd7afecdb556c50c9e8de78 -> 
  custom:audio-decoder-ogg-vorbis: bf7c407c2cedff20999df2af8eb42d56 -> 
========================================================================
Received Prepare
Registering precompiled user dll's ...
Registered in 0.002488 seconds.
Begin MonoManager ReloadAssembly
Thread 0x16da93000 may have been prematurely finalized
Native extension for OSXStandalone target not found
Refreshing native plugins compatible for Editor in 0.89 ms, found 2 plugins.
Preloading 0 native plugins for Editor in 0.00 ms.
[Package Manager] Server::EnsureServerProcessIsRunning -- launch failed, reason: Unity was launched with the -noUpm command-line argument
[Package Manager] Cannot connect to Unity Package Manager local server
Mono: successfully reloaded assembly
- Completed reload, in  1.140 seconds
Domain Reload Profiling:
	ReloadAssembly (1141ms)
		BeginReloadAssembly (140ms)
			ExecutionOrderSort (0ms)
			DisableScriptedObjects (6ms)
			BackupInstance (0ms)
			ReleaseScriptingObjects (0ms)
			CreateAndSetChildDomain (75ms)
		EndReloadAssembly (942ms)
			LoadAssemblies (53ms)
			RebuildTransferFunctionScriptingTraits (0ms)
			SetupTypeCache (234ms)
			ReleaseScriptCaches (2ms)
			RebuildScriptCaches (37ms)
			SetupLoadedEditorAssemblies (577ms)
				LogAssemblyErrors (0ms)
				InitializePlatformSupportModulesInManaged (2ms)
				SetLoadedEditorAssemblies (0ms)
				RefreshPlugins (1ms)
				BeforeProcessingInitializeOnLoad (50ms)
				ProcessInitializeOnLoadAttributes (475ms)
				ProcessInitializeOnLoadMethodAttributes (48ms)
				AfterProcessingInitializeOnLoad (1ms)
				EditorAssembliesLoaded (0ms)
			ExecutionOrderSort2 (0ms)
			AwakeInstancesAfterBackupRestoration (12ms)
Platform modules already initialized, skipping
Shader 'WFX/Transparent Diffuse': fallback shader 'Particles/Alpha Blended' not found
Shader 'WFX/Transparent Specular': fallback shader 'Particles/Alpha Blended' not found
Refreshing native plugins compatible for Editor in 0.97 ms, found 2 plugins.
Preloading 0 native plugins for Editor in 0.00 ms.
Unloading 5119 Unused Serialized files (Serialized files now loaded: 0)
Unloading 73 unused Assets / (23.0 MB). Loaded Objects now: 5891.
Memory consumption went from 266.2 MB to 243.2 MB.
Total: 5.987000 ms (FindLiveObjects: 0.358000 ms CreateObjectMapping: 0.105958 ms MarkObjects: 3.330708 ms  DeleteObjects: 2.190791 ms)

AssetImportParameters requested are different than current active one (requested -> active):
  custom:video-decoder-ogg-theora: a1e56fd34408186e4bbccfd4996cb3dc -> 
  custom:container-muxer-webm: aa71ff27fc2769a1b78a27578f13a17b -> 
  custom:container-demuxer-webm: 4f35f7cbe854078d1ac9338744f61a02 -> 
  custom:video-encoder-webm-vp8: eb34c28f22e8b96e1ab97ce403110664 -> 
  custom:framework-osx-AVFoundation: e770b220cccbd017edd2c1fefb359320 -> 
  custom:CustomObjectIndexerAttribute: f67f22312cbe972f2da930a377ed3d15 -> 
  custom:audio-encoder-webm-vorbis: bf7c407c2cedff20999df2af8eb42d56 -> 
  custom:SearchIndexIgnoredProperties: e643bd26f0fe6173181afceb89e7c659 -> 
  custom:container-demuxer-ogg: 62fdf1f143b41e24485cea50d1cbac27 -> 
  custom:video-decoder-webm-vp8: 9c59270c3fd7afecdb556c50c9e8de78 -> 
  custom:audio-decoder-ogg-vorbis: bf7c407c2cedff20999df2af8eb42d56 -> 
========================================================================
Received Prepare
Registering precompiled user dll's ...
Registered in 0.002010 seconds.
Begin MonoManager ReloadAssembly
Thread 0x16da93000 may have been prematurely finalized
Native extension for OSXStandalone target not found
Refreshing native plugins compatible for Editor in 0.82 ms, found 2 plugins.
Preloading 0 native plugins for Editor in 0.00 ms.
[Package Manager] Server::EnsureServerProcessIsRunning -- launch failed, reason: Unity was launched with the -noUpm command-line argument
[Package Manager] Cannot connect to Unity Package Manager local server
Mono: successfully reloaded assembly
- Completed reload, in  1.124 seconds
Domain Reload Profiling:
	ReloadAssembly (1124ms)
		BeginReloadAssembly (124ms)
			ExecutionOrderSort (0ms)
			DisableScriptedObjects (5ms)
			BackupInstance (0ms)
			ReleaseScriptingObjects (0ms)
			CreateAndSetChildDomain (60ms)
		EndReloadAssembly (942ms)
			LoadAssemblies (56ms)
			RebuildTransferFunctionScriptingTraits (0ms)
			SetupTypeCache (225ms)
			ReleaseScriptCaches (2ms)
			RebuildScriptCaches (36ms)
			SetupLoadedEditorAssemblies (582ms)
				LogAssemblyErrors (0ms)
				InitializePlatformSupportModulesInManaged (2ms)
				SetLoadedEditorAssemblies (0ms)
				RefreshPlugins (1ms)
				BeforeProcessingInitializeOnLoad (50ms)
				ProcessInitializeOnLoadAttributes (478ms)
				ProcessInitializeOnLoadMethodAttributes (50ms)
				AfterProcessingInitializeOnLoad (1ms)
				EditorAssembliesLoaded (0ms)
			ExecutionOrderSort2 (0ms)
			AwakeInstancesAfterBackupRestoration (12ms)
Platform modules already initialized, skipping
Shader 'WFX/Transparent Diffuse': fallback shader 'Particles/Alpha Blended' not found
Shader 'WFX/Transparent Specular': fallback shader 'Particles/Alpha Blended' not found
Refreshing native plugins compatible for Editor in 0.86 ms, found 2 plugins.
Preloading 0 native plugins for Editor in 0.00 ms.
Unloading 5119 Unused Serialized files (Serialized files now loaded: 0)
Unloading 73 unused Assets / (23.0 MB). Loaded Objects now: 5895.
Memory consumption went from 266.2 MB to 243.2 MB.
Total: 5.069458 ms (FindLiveObjects: 0.312708 ms CreateObjectMapping: 0.116750 ms MarkObjects: 2.681583 ms  DeleteObjects: 1.957416 ms)

AssetImportParameters requested are different than current active one (requested -> active):
  custom:video-decoder-ogg-theora: a1e56fd34408186e4bbccfd4996cb3dc -> 
  custom:container-muxer-webm: aa71ff27fc2769a1b78a27578f13a17b -> 
  custom:container-demuxer-webm: 4f35f7cbe854078d1ac9338744f61a02 -> 
  custom:video-encoder-webm-vp8: eb34c28f22e8b96e1ab97ce403110664 -> 
  custom:framework-osx-AVFoundation: e770b220cccbd017edd2c1fefb359320 -> 
  custom:CustomObjectIndexerAttribute: f67f22312cbe972f2da930a377ed3d15 -> 
  custom:audio-encoder-webm-vorbis: bf7c407c2cedff20999df2af8eb42d56 -> 
  custom:SearchIndexIgnoredProperties: e643bd26f0fe6173181afceb89e7c659 -> 
  custom:container-demuxer-ogg: 62fdf1f143b41e24485cea50d1cbac27 -> 
  custom:video-decoder-webm-vp8: 9c59270c3fd7afecdb556c50c9e8de78 -> 
  custom:audio-decoder-ogg-vorbis: bf7c407c2cedff20999df2af8eb42d56 -> 
========================================================================
Received Prepare
Registering precompiled user dll's ...
Registered in 0.002020 seconds.
Begin MonoManager ReloadAssembly
Thread 0x16da93000 may have been prematurely finalized
Native extension for OSXStandalone target not found
Refreshing native plugins compatible for Editor in 1.06 ms, found 2 plugins.
Preloading 0 native plugins for Editor in 0.00 ms.
[Package Manager] Server::EnsureServerProcessIsRunning -- launch failed, reason: Unity was launched with the -noUpm command-line argument
[Package Manager] Cannot connect to Unity Package Manager local server
Mono: successfully reloaded assembly
- Completed reload, in  1.129 seconds
Domain Reload Profiling:
	ReloadAssembly (1130ms)
		BeginReloadAssembly (132ms)
			ExecutionOrderSort (0ms)
			DisableScriptedObjects (11ms)
			BackupInstance (0ms)
			ReleaseScriptingObjects (0ms)
			CreateAndSetChildDomain (63ms)
		EndReloadAssembly (939ms)
			LoadAssemblies (62ms)
			RebuildTransferFunctionScriptingTraits (0ms)
			SetupTypeCache (216ms)
			ReleaseScriptCaches (3ms)
			RebuildScriptCaches (35ms)
			SetupLoadedEditorAssemblies (574ms)
				LogAssemblyErrors (0ms)
				InitializePlatformSupportModulesInManaged (2ms)
				SetLoadedEditorAssemblies (0ms)
				RefreshPlugins (1ms)
				BeforeProcessingInitializeOnLoad (49ms)
				ProcessInitializeOnLoadAttributes (473ms)
				ProcessInitializeOnLoadMethodAttributes (47ms)
				AfterProcessingInitializeOnLoad (1ms)
				EditorAssembliesLoaded (0ms)
			ExecutionOrderSort2 (0ms)
			AwakeInstancesAfterBackupRestoration (12ms)
Platform modules already initialized, skipping
Shader 'WFX/Transparent Diffuse': fallback shader 'Particles/Alpha Blended' not found
Shader 'WFX/Transparent Specular': fallback shader 'Particles/Alpha Blended' not found
Refreshing native plugins compatible for Editor in 0.94 ms, found 2 plugins.
Preloading 0 native plugins for Editor in 0.00 ms.
Unloading 5119 Unused Serialized files (Serialized files now loaded: 0)
Unloading 73 unused Assets / (23.0 MB). Loaded Objects now: 5899.
Memory consumption went from 266.2 MB to 243.3 MB.
Total: 5.490500 ms (FindLiveObjects: 0.362750 ms CreateObjectMapping: 0.200833 ms MarkObjects: 3.078292 ms  DeleteObjects: 1.847666 ms)

AssetImportParameters requested are different than current active one (requested -> active):
  custom:video-decoder-ogg-theora: a1e56fd34408186e4bbccfd4996cb3dc -> 
  custom:container-muxer-webm: aa71ff27fc2769a1b78a27578f13a17b -> 
  custom:container-demuxer-webm: 4f35f7cbe854078d1ac9338744f61a02 -> 
  custom:video-encoder-webm-vp8: eb34c28f22e8b96e1ab97ce403110664 -> 
  custom:framework-osx-AVFoundation: e770b220cccbd017edd2c1fefb359320 -> 
  custom:CustomObjectIndexerAttribute: f67f22312cbe972f2da930a377ed3d15 -> 
  custom:audio-encoder-webm-vorbis: bf7c407c2cedff20999df2af8eb42d56 -> 
  custom:SearchIndexIgnoredProperties: e643bd26f0fe6173181afceb89e7c659 -> 
  custom:container-demuxer-ogg: 62fdf1f143b41e24485cea50d1cbac27 -> 
  custom:video-decoder-webm-vp8: 9c59270c3fd7afecdb556c50c9e8de78 -> 
  custom:audio-decoder-ogg-vorbis: bf7c407c2cedff20999df2af8eb42d56 -> 
========================================================================
Received Prepare
Registering precompiled user dll's ...
Registered in 0.002167 seconds.
Begin MonoManager ReloadAssembly
Thread 0x16da93000 may have been prematurely finalized
Native extension for OSXStandalone target not found
Refreshing native plugins compatible for Editor in 0.82 ms, found 2 plugins.
Preloading 0 native plugins for Editor in 0.00 ms.
[Package Manager] Server::EnsureServerProcessIsRunning -- launch failed, reason: Unity was launched with the -noUpm command-line argument
[Package Manager] Cannot connect to Unity Package Manager local server
Mono: successfully reloaded assembly
- Completed reload, in  1.134 seconds
Domain Reload Profiling:
	ReloadAssembly (1134ms)
		BeginReloadAssembly (131ms)
			ExecutionOrderSort (0ms)
			DisableScriptedObjects (5ms)
			BackupInstance (0ms)
			ReleaseScriptingObjects (0ms)
			CreateAndSetChildDomain (70ms)
		EndReloadAssembly (943ms)
			LoadAssemblies (47ms)
			RebuildTransferFunctionScriptingTraits (0ms)
			SetupTypeCache (220ms)
			ReleaseScriptCaches (2ms)
			RebuildScriptCaches (37ms)
			SetupLoadedEditorAssemblies (592ms)
				LogAssemblyErrors (0ms)
				InitializePlatformSupportModulesInManaged (2ms)
				SetLoadedEditorAssemblies (0ms)
				RefreshPlugins (1ms)
				BeforeProcessingInitializeOnLoad (50ms)
				ProcessInitializeOnLoadAttributes (490ms)
				ProcessInitializeOnLoadMethodAttributes (48ms)
				AfterProcessingInitializeOnLoad (1ms)
				EditorAssembliesLoaded (0ms)
			ExecutionOrderSort2 (0ms)
			AwakeInstancesAfterBackupRestoration (12ms)
Platform modules already initialized, skipping
Shader 'WFX/Transparent Diffuse': fallback shader 'Particles/Alpha Blended' not found
Shader 'WFX/Transparent Specular': fallback shader 'Particles/Alpha Blended' not found
Refreshing native plugins compatible for Editor in 0.83 ms, found 2 plugins.
Preloading 0 native plugins for Editor in 0.00 ms.
Unloading 5119 Unused Serialized files (Serialized files now loaded: 0)
Unloading 73 unused Assets / (23.0 MB). Loaded Objects now: 5903.
Memory consumption went from 266.2 MB to 243.3 MB.
Total: 5.525959 ms (FindLiveObjects: 0.377292 ms CreateObjectMapping: 0.133167 ms MarkObjects: 3.015750 ms  DeleteObjects: 1.998375 ms)

AssetImportParameters requested are different than current active one (requested -> active):
  custom:video-decoder-ogg-theora: a1e56fd34408186e4bbccfd4996cb3dc -> 
  custom:container-muxer-webm: aa71ff27fc2769a1b78a27578f13a17b -> 
  custom:container-demuxer-webm: 4f35f7cbe854078d1ac9338744f61a02 -> 
  custom:video-encoder-webm-vp8: eb34c28f22e8b96e1ab97ce403110664 -> 
  custom:framework-osx-AVFoundation: e770b220cccbd017edd2c1fefb359320 -> 
  custom:CustomObjectIndexerAttribute: f67f22312cbe972f2da930a377ed3d15 -> 
  custom:audio-encoder-webm-vorbis: bf7c407c2cedff20999df2af8eb42d56 -> 
  custom:SearchIndexIgnoredProperties: e643bd26f0fe6173181afceb89e7c659 -> 
  custom:container-demuxer-ogg: 62fdf1f143b41e24485cea50d1cbac27 -> 
  custom:video-decoder-webm-vp8: 9c59270c3fd7afecdb556c50c9e8de78 -> 
  custom:audio-decoder-ogg-vorbis: bf7c407c2cedff20999df2af8eb42d56 -> 
========================================================================
Received Import Request.
  Time since last request: 1075.195639 seconds.
  path: Assets/Prefabs/New Folder/Smoke_Grenade.prefab
  artifactKey: Guid(37ab26583569d41bfa573c86bd41f036) Importer(815301076,1909f56bfc062723c751e8b465ee728b)
Number of updated assets reloaded before import = 0
Start importing Assets/Prefabs/New Folder/Smoke_Grenade.prefab using Guid(37ab26583569d41bfa573c86bd41f036) Importer(815301076,1909f56bfc062723c751e8b465ee728b)  -> (artifact id: '28658e8a44e5aa59f1a0c975d47a61f1') in 0.198345 seconds 
Number of asset objects unloaded after import = 19
========================================================================
Received Prepare
Registering precompiled user dll's ...
Registered in 0.002802 seconds.
Begin MonoManager ReloadAssembly
Thread 0x16da93000 may have been prematurely finalized
Native extension for OSXStandalone target not found
Refreshing native plugins compatible for Editor in 1.01 ms, found 2 plugins.
Preloading 0 native plugins for Editor in 0.00 ms.
[Package Manager] Server::EnsureServerProcessIsRunning -- launch failed, reason: Unity was launched with the -noUpm command-line argument
[Package Manager] Cannot connect to Unity Package Manager local server
Mono: successfully reloaded assembly
- Completed reload, in  1.193 seconds
Domain Reload Profiling:
	ReloadAssembly (1193ms)
		BeginReloadAssembly (182ms)
			ExecutionOrderSort (0ms)
			DisableScriptedObjects (17ms)
			BackupInstance (0ms)
			ReleaseScriptingObjects (0ms)
			CreateAndSetChildDomain (102ms)
		EndReloadAssembly (953ms)
			LoadAssemblies (57ms)
			RebuildTransferFunctionScriptingTraits (0ms)
			SetupTypeCache (229ms)
			ReleaseScriptCaches (2ms)
			RebuildScriptCaches (37ms)
			SetupLoadedEditorAssemblies (581ms)
				LogAssemblyErrors (0ms)
				InitializePlatformSupportModulesInManaged (2ms)
				SetLoadedEditorAssemblies (0ms)
				RefreshPlugins (1ms)
				BeforeProcessingInitializeOnLoad (50ms)
				ProcessInitializeOnLoadAttributes (479ms)
				ProcessInitializeOnLoadMethodAttributes (48ms)
				AfterProcessingInitializeOnLoad (1ms)
				EditorAssembliesLoaded (0ms)
			ExecutionOrderSort2 (0ms)
			AwakeInstancesAfterBackupRestoration (15ms)
Platform modules already initialized, skipping
Shader 'WFX/Transparent Diffuse': fallback shader 'Particles/Alpha Blended' not found
Shader 'WFX/Transparent Specular': fallback shader 'Particles/Alpha Blended' not found
Refreshing native plugins compatible for Editor in 0.95 ms, found 2 plugins.
Preloading 0 native plugins for Editor in 0.00 ms.
Unloading 5119 Unused Serialized files (Serialized files now loaded: 0)
Unloading 91 unused Assets / (23.0 MB). Loaded Objects now: 5945.
Memory consumption went from 266.2 MB to 243.3 MB.
Total: 5.809125 ms (FindLiveObjects: 0.274667 ms CreateObjectMapping: 0.101000 ms MarkObjects: 3.056000 ms  DeleteObjects: 2.376917 ms)

AssetImportParameters requested are different than current active one (requested -> active):
  custom:video-decoder-ogg-theora: a1e56fd34408186e4bbccfd4996cb3dc -> 
  custom:container-muxer-webm: aa71ff27fc2769a1b78a27578f13a17b -> 
  custom:container-demuxer-webm: 4f35f7cbe854078d1ac9338744f61a02 -> 
  custom:video-encoder-webm-vp8: eb34c28f22e8b96e1ab97ce403110664 -> 
  custom:framework-osx-AVFoundation: e770b220cccbd017edd2c1fefb359320 -> 
  custom:CustomObjectIndexerAttribute: f67f22312cbe972f2da930a377ed3d15 -> 
  custom:audio-encoder-webm-vorbis: bf7c407c2cedff20999df2af8eb42d56 -> 
  custom:SearchIndexIgnoredProperties: e643bd26f0fe6173181afceb89e7c659 -> 
  custom:container-demuxer-ogg: 62fdf1f143b41e24485cea50d1cbac27 -> 
  custom:video-decoder-webm-vp8: 9c59270c3fd7afecdb556c50c9e8de78 -> 
  custom:audio-decoder-ogg-vorbis: bf7c407c2cedff20999df2af8eb42d56 -> 
========================================================================
Received Import Request.
  Time since last request: 20.967062 seconds.
  path: Assets/Prefabs/New Folder/Smoke_Grenade.prefab
  artifactKey: Guid(37ab26583569d41bfa573c86bd41f036) Importer(815301076,1909f56bfc062723c751e8b465ee728b)
Number of updated assets reloaded before import = 0
Start importing Assets/Prefabs/New Folder/Smoke_Grenade.prefab using Guid(37ab26583569d41bfa573c86bd41f036) Importer(815301076,1909f56bfc062723c751e8b465ee728b)  -> (artifact id: '27ff353090bf759610adeac9b2168cc5') in 0.143757 seconds 
Number of asset objects unloaded after import = 19
========================================================================
Received Prepare
Registering precompiled user dll's ...
Registered in 0.002146 seconds.
Begin MonoManager ReloadAssembly
Thread 0x16da93000 may have been prematurely finalized
Native extension for OSXStandalone target not found
Refreshing native plugins compatible for Editor in 0.89 ms, found 2 plugins.
Preloading 0 native plugins for Editor in 0.00 ms.
[Package Manager] Server::EnsureServerProcessIsRunning -- launch failed, reason: Unity was launched with the -noUpm command-line argument
[Package Manager] Cannot connect to Unity Package Manager local server
Mono: successfully reloaded assembly
- Completed reload, in  1.141 seconds
Domain Reload Profiling:
	ReloadAssembly (1142ms)
		BeginReloadAssembly (145ms)
			ExecutionOrderSort (0ms)
			DisableScriptedObjects (8ms)
			BackupInstance (0ms)
			ReleaseScriptingObjects (0ms)
			CreateAndSetChildDomain (82ms)
		EndReloadAssembly (937ms)
			LoadAssemblies (59ms)
			RebuildTransferFunctionScriptingTraits (0ms)
			SetupTypeCache (220ms)
			ReleaseScriptCaches (2ms)
			RebuildScriptCaches (36ms)
			SetupLoadedEditorAssemblies (576ms)
				LogAssemblyErrors (0ms)
				InitializePlatformSupportModulesInManaged (2ms)
				SetLoadedEditorAssemblies (0ms)
				RefreshPlugins (1ms)
				BeforeProcessingInitializeOnLoad (50ms)
				ProcessInitializeOnLoadAttributes (474ms)
				ProcessInitializeOnLoadMethodAttributes (47ms)
				AfterProcessingInitializeOnLoad (1ms)
				EditorAssembliesLoaded (0ms)
			ExecutionOrderSort2 (0ms)
			AwakeInstancesAfterBackupRestoration (15ms)
Platform modules already initialized, skipping
Shader 'WFX/Transparent Diffuse': fallback shader 'Particles/Alpha Blended' not found
Shader 'WFX/Transparent Specular': fallback shader 'Particles/Alpha Blended' not found
Refreshing native plugins compatible for Editor in 0.85 ms, found 2 plugins.
Preloading 0 native plugins for Editor in 0.00 ms.
Unloading 5119 Unused Serialized files (Serialized files now loaded: 0)
Unloading 91 unused Assets / (23.0 MB). Loaded Objects now: 5987.
Memory consumption went from 266.5 MB to 243.6 MB.
Total: 5.068416 ms (FindLiveObjects: 0.246167 ms CreateObjectMapping: 0.074042 ms MarkObjects: 2.728000 ms  DeleteObjects: 2.019041 ms)

AssetImportParameters requested are different than current active one (requested -> active):
  custom:video-decoder-ogg-theora: a1e56fd34408186e4bbccfd4996cb3dc -> 
  custom:container-muxer-webm: aa71ff27fc2769a1b78a27578f13a17b -> 
  custom:container-demuxer-webm: 4f35f7cbe854078d1ac9338744f61a02 -> 
  custom:video-encoder-webm-vp8: eb34c28f22e8b96e1ab97ce403110664 -> 
  custom:framework-osx-AVFoundation: e770b220cccbd017edd2c1fefb359320 -> 
  custom:CustomObjectIndexerAttribute: f67f22312cbe972f2da930a377ed3d15 -> 
  custom:audio-encoder-webm-vorbis: bf7c407c2cedff20999df2af8eb42d56 -> 
  custom:SearchIndexIgnoredProperties: e643bd26f0fe6173181afceb89e7c659 -> 
  custom:container-demuxer-ogg: 62fdf1f143b41e24485cea50d1cbac27 -> 
  custom:video-decoder-webm-vp8: 9c59270c3fd7afecdb556c50c9e8de78 -> 
  custom:audio-decoder-ogg-vorbis: bf7c407c2cedff20999df2af8eb42d56 -> 
========================================================================
Received Prepare
Registering precompiled user dll's ...
Registered in 0.002043 seconds.
Begin MonoManager ReloadAssembly
Thread 0x16da93000 may have been prematurely finalized
Native extension for OSXStandalone target not found
Refreshing native plugins compatible for Editor in 0.83 ms, found 2 plugins.
Preloading 0 native plugins for Editor in 0.00 ms.
[Package Manager] Server::EnsureServerProcessIsRunning -- launch failed, reason: Unity was launched with the -noUpm command-line argument
[Package Manager] Cannot connect to Unity Package Manager local server
Mono: successfully reloaded assembly
- Completed reload, in  1.117 seconds
Domain Reload Profiling:
	ReloadAssembly (1118ms)
		BeginReloadAssembly (125ms)
			ExecutionOrderSort (0ms)
			DisableScriptedObjects (6ms)
			BackupInstance (0ms)
			ReleaseScriptingObjects (0ms)
			CreateAndSetChildDomain (62ms)
		EndReloadAssembly (932ms)
			LoadAssemblies (47ms)
			RebuildTransferFunctionScriptingTraits (0ms)
			SetupTypeCache (231ms)
			ReleaseScriptCaches (2ms)
			RebuildScriptCaches (36ms)
			SetupLoadedEditorAssemblies (573ms)
				LogAssemblyErrors (0ms)
				InitializePlatformSupportModulesInManaged (2ms)
				SetLoadedEditorAssemblies (0ms)
				RefreshPlugins (1ms)
				BeforeProcessingInitializeOnLoad (49ms)
				ProcessInitializeOnLoadAttributes (472ms)
				ProcessInitializeOnLoadMethodAttributes (48ms)
				AfterProcessingInitializeOnLoad (1ms)
				EditorAssembliesLoaded (0ms)
			ExecutionOrderSort2 (0ms)
			AwakeInstancesAfterBackupRestoration (12ms)
Platform modules already initialized, skipping
Shader 'WFX/Transparent Diffuse': fallback shader 'Particles/Alpha Blended' not found
Shader 'WFX/Transparent Specular': fallback shader 'Particles/Alpha Blended' not found
Refreshing native plugins compatible for Editor in 0.88 ms, found 2 plugins.
Preloading 0 native plugins for Editor in 0.00 ms.
Unloading 5119 Unused Serialized files (Serialized files now loaded: 0)
Unloading 73 unused Assets / (23.0 MB). Loaded Objects now: 5991.
Memory consumption went from 266.5 MB to 243.5 MB.
Total: 4.871959 ms (FindLiveObjects: 0.267750 ms CreateObjectMapping: 0.086458 ms MarkObjects: 2.404833 ms  DeleteObjects: 2.111959 ms)

AssetImportParameters requested are different than current active one (requested -> active):
  custom:video-decoder-ogg-theora: a1e56fd34408186e4bbccfd4996cb3dc -> 
  custom:container-muxer-webm: aa71ff27fc2769a1b78a27578f13a17b -> 
  custom:container-demuxer-webm: 4f35f7cbe854078d1ac9338744f61a02 -> 
  custom:video-encoder-webm-vp8: eb34c28f22e8b96e1ab97ce403110664 -> 
  custom:framework-osx-AVFoundation: e770b220cccbd017edd2c1fefb359320 -> 
  custom:CustomObjectIndexerAttribute: f67f22312cbe972f2da930a377ed3d15 -> 
  custom:audio-encoder-webm-vorbis: bf7c407c2cedff20999df2af8eb42d56 -> 
  custom:SearchIndexIgnoredProperties: e643bd26f0fe6173181afceb89e7c659 -> 
  custom:container-demuxer-ogg: 62fdf1f143b41e24485cea50d1cbac27 -> 
  custom:video-decoder-webm-vp8: 9c59270c3fd7afecdb556c50c9e8de78 -> 
  custom:audio-decoder-ogg-vorbis: bf7c407c2cedff20999df2af8eb42d56 -> 
========================================================================
Received Prepare
Registering precompiled user dll's ...
Registered in 0.002162 seconds.
Begin MonoManager ReloadAssembly
Thread 0x16da93000 may have been prematurely finalized
Native extension for OSXStandalone target not found
Refreshing native plugins compatible for Editor in 1.09 ms, found 2 plugins.
Preloading 0 native plugins for Editor in 0.00 ms.
[Package Manager] Server::EnsureServerProcessIsRunning -- launch failed, reason: Unity was launched with the -noUpm command-line argument
[Package Manager] Cannot connect to Unity Package Manager local server
Mono: successfully reloaded assembly
- Completed reload, in  1.163 seconds
Domain Reload Profiling:
	ReloadAssembly (1164ms)
		BeginReloadAssembly (134ms)
			ExecutionOrderSort (0ms)
			DisableScriptedObjects (8ms)
			BackupInstance (0ms)
			ReleaseScriptingObjects (0ms)
			CreateAndSetChildDomain (64ms)
		EndReloadAssembly (970ms)
			LoadAssemblies (65ms)
			RebuildTransferFunctionScriptingTraits (0ms)
			SetupTypeCache (225ms)
			ReleaseScriptCaches (4ms)
			RebuildScriptCaches (38ms)
			SetupLoadedEditorAssemblies (592ms)
				LogAssemblyErrors (0ms)
				InitializePlatformSupportModulesInManaged (2ms)
				SetLoadedEditorAssemblies (0ms)
				RefreshPlugins (1ms)
				BeforeProcessingInitializeOnLoad (55ms)
				ProcessInitializeOnLoadAttributes (483ms)
				ProcessInitializeOnLoadMethodAttributes (49ms)
				AfterProcessingInitializeOnLoad (1ms)
				EditorAssembliesLoaded (0ms)
			ExecutionOrderSort2 (0ms)
			AwakeInstancesAfterBackupRestoration (13ms)
Platform modules already initialized, skipping
Shader 'WFX/Transparent Diffuse': fallback shader 'Particles/Alpha Blended' not found
Shader 'WFX/Transparent Specular': fallback shader 'Particles/Alpha Blended' not found
Refreshing native plugins compatible for Editor in 0.99 ms, found 2 plugins.
Preloading 0 native plugins for Editor in 0.00 ms.
Unloading 5119 Unused Serialized files (Serialized files now loaded: 0)
Unloading 73 unused Assets / (23.0 MB). Loaded Objects now: 5995.
Memory consumption went from 266.5 MB to 243.5 MB.
Total: 5.493958 ms (FindLiveObjects: 0.225166 ms CreateObjectMapping: 0.112000 ms MarkObjects: 3.120666 ms  DeleteObjects: 2.035250 ms)

AssetImportParameters requested are different than current active one (requested -> active):
  custom:video-decoder-ogg-theora: a1e56fd34408186e4bbccfd4996cb3dc -> 
  custom:container-muxer-webm: aa71ff27fc2769a1b78a27578f13a17b -> 
  custom:container-demuxer-webm: 4f35f7cbe854078d1ac9338744f61a02 -> 
  custom:video-encoder-webm-vp8: eb34c28f22e8b96e1ab97ce403110664 -> 
  custom:framework-osx-AVFoundation: e770b220cccbd017edd2c1fefb359320 -> 
  custom:CustomObjectIndexerAttribute: f67f22312cbe972f2da930a377ed3d15 -> 
  custom:audio-encoder-webm-vorbis: bf7c407c2cedff20999df2af8eb42d56 -> 
  custom:SearchIndexIgnoredProperties: e643bd26f0fe6173181afceb89e7c659 -> 
  custom:container-demuxer-ogg: 62fdf1f143b41e24485cea50d1cbac27 -> 
  custom:video-decoder-webm-vp8: 9c59270c3fd7afecdb556c50c9e8de78 -> 
  custom:audio-decoder-ogg-vorbis: bf7c407c2cedff20999df2af8eb42d56 -> 
========================================================================
Received Prepare
Registering precompiled user dll's ...
Registered in 0.002201 seconds.
ArgumentException: An item with the same key has already been added. Key: 00000000000000000000000000000000
  at System.Collections.Generic.Dictionary`2[TKey,TValue].TryInsert (TKey key, TValue value, System.Collections.Generic.InsertionBehavior behavior) [0x0015a] in <ea82cbe051464f7ab14c1c8fcd914b1b>:0 
  at System.Collections.Generic.Dictionary`2[TKey,TValue].Add (TKey key, TValue value) [0x00000] in <ea82cbe051464f7ab14c1c8fcd914b1b>:0 
  at System.Linq.Enumerable.ToDictionary[TSource,TKey] (TSource[] source, System.Func`2[T,TResult] keySelector, System.Collections.Generic.IEqualityComparer`1[T] comparer) [0x0001c] in <73bce13c4afd4d0c8996640c6a0916e6>:0 
  at System.Linq.Enumerable.ToDictionary[TSource,TKey] (System.Collections.Generic.IEnumerable`1[T] source, System.Func`2[T,TResult] keySelector, System.Collections.Generic.IEqualityComparer`1[T] comparer) [0x00043] in <73bce13c4afd4d0c8996640c6a0916e6>:0 
  at System.Linq.Enumerable.ToDictionary[TSource,TKey] (System.Collections.Generic.IEnumerable`1[T] source, System.Func`2[T,TResult] keySelector) [0x00000] in <73bce13c4afd4d0c8996640c6a0916e6>:0 
  at UnityEditor.Scripting.ScriptCompilation.LoadingAssemblyDefinition.SetAllCustomScriptAssemblyReferenceJsonsContents (System.String[] paths, System.String[] contents) [0x00167] in /Users/bokken/build/output/unity/unity/Editor/Mono/Scripting/ScriptCompilation/LoadingAssemblyDefinition.cs:244 
UnityEngine.DebugLogHandler:Internal_LogException(Exception, Object)
UnityEngine.DebugLogHandler:LogException(Exception, Object)
UnityEngine.Logger:LogException(Exception, Object)
UnityEngine.Debug:LogException(Exception)
UnityEditor.Scripting.ScriptCompilation.EditorCompilationInterface:LogException(Exception) (at /Users/bokken/build/output/unity/unity/Editor/Mono/Scripting/ScriptCompilation/EditorCompilationInterface.cs:33)
UnityEditor.Scripting.ScriptCompilation.EditorCompilationInterface:EmitExceptionsAsErrors(Exception[]) (at /Users/bokken/build/output/unity/unity/Editor/Mono/Scripting/ScriptCompilation/EditorCompilationInterface.cs:42)
UnityEditor.Scripting.ScriptCompilation.EditorCompilationInterface:SetAllCustomScriptAssemblyReferenceJsons(String[], String[]) (at /Users/bokken/build/output/unity/unity/Editor/Mono/Scripting/ScriptCompilation/EditorCompilationInterface.cs:134)

(Filename: /Users/bokken/build/output/unity/unity/Editor/Mono/Scripting/ScriptCompilation/LoadingAssemblyDefinition.cs Line: 244)

ArgumentException: An item with the same key has already been added. Key: 00000000000000000000000000000000
  at System.Collections.Generic.Dictionary`2[TKey,TValue].TryInsert (TKey key, TValue value, System.Collections.Generic.InsertionBehavior behavior) [0x0015a] in <ea82cbe051464f7ab14c1c8fcd914b1b>:0 
  at System.Collections.Generic.Dictionary`2[TKey,TValue].Add (TKey key, TValue value) [0x00000] in <ea82cbe051464f7ab14c1c8fcd914b1b>:0 
  at System.Linq.Enumerable.ToDictionary[TSource,TKey] (TSource[] source, System.Func`2[T,TResult] keySelector, System.Collections.Generic.IEqualityComparer`1[T] comparer) [0x0001c] in <73bce13c4afd4d0c8996640c6a0916e6>:0 
  at System.Linq.Enumerable.ToDictionary[TSource,TKey] (System.Collections.Generic.IEnumerable`1[T] source, System.Func`2[T,TResult] keySelector, System.Collections.Generic.IEqualityComparer`1[T] comparer) [0x00043] in <73bce13c4afd4d0c8996640c6a0916e6>:0 
  at System.Linq.Enumerable.ToDictionary[TSource,TKey] (System.Collections.Generic.IEnumerable`1[T] source, System.Func`2[T,TResult] keySelector) [0x00000] in <73bce13c4afd4d0c8996640c6a0916e6>:0 
  at UnityEditor.Scripting.ScriptCompilation.LoadingAssemblyDefinition.SetAllCustomScriptAssemblyReferenceJsonsContents (System.String[] paths, System.String[] contents) [0x00167] in /Users/bokken/build/output/unity/unity/Editor/Mono/Scripting/ScriptCompilation/LoadingAssemblyDefinition.cs:244 
UnityEngine.DebugLogHandler:Internal_LogException(Exception, Object)
UnityEngine.DebugLogHandler:LogException(Exception, Object)
UnityEngine.Logger:LogException(Exception, Object)
UnityEngine.Debug:LogException(Exception)
UnityEditor.Scripting.ScriptCompilation.EditorCompilationInterface:LogException(Exception) (at /Users/bokken/build/output/unity/unity/Editor/Mono/Scripting/ScriptCompilation/EditorCompilationInterface.cs:33)
UnityEditor.Scripting.ScriptCompilation.EditorCompilationInterface:EmitExceptionsAsErrors(Exception[]) (at /Users/bokken/build/output/unity/unity/Editor/Mono/Scripting/ScriptCompilation/EditorCompilationInterface.cs:42)
UnityEditor.Scripting.ScriptCompilation.EditorCompilationInterface:SetAllCustomScriptAssemblyReferenceJsons(String[], String[]) (at /Users/bokken/build/output/unity/unity/Editor/Mono/Scripting/ScriptCompilation/EditorCompilationInterface.cs:134)

(Filename: /Users/bokken/build/output/unity/unity/Editor/Mono/Scripting/ScriptCompilation/LoadingAssemblyDefinition.cs Line: 244)

ArgumentException: An item with the same key has already been added. Key: 00000000000000000000000000000000
  at System.Collections.Generic.Dictionary`2[TKey,TValue].TryInsert (TKey key, TValue value, System.Collections.Generic.InsertionBehavior behavior) [0x0015a] in <ea82cbe051464f7ab14c1c8fcd914b1b>:0 
  at System.Collections.Generic.Dictionary`2[TKey,TValue].Add (TKey key, TValue value) [0x00000] in <ea82cbe051464f7ab14c1c8fcd914b1b>:0 
  at System.Linq.Enumerable.ToDictionary[TSource,TKey] (TSource[] source, System.Func`2[T,TResult] keySelector, System.Collections.Generic.IEqualityComparer`1[T] comparer) [0x0001c] in <73bce13c4afd4d0c8996640c6a0916e6>:0 
  at System.Linq.Enumerable.ToDictionary[TSource,TKey] (System.Collections.Generic.IEnumerable`1[T] source, System.Func`2[T,TResult] keySelector, System.Collections.Generic.IEqualityComparer`1[T] comparer) [0x00043] in <73bce13c4afd4d0c8996640c6a0916e6>:0 
  at System.Linq.Enumerable.ToDictionary[TSource,TKey] (System.Collections.Generic.IEnumerable`1[T] source, System.Func`2[T,TResult] keySelector) [0x00000] in <73bce13c4afd4d0c8996640c6a0916e6>:0 
  at UnityEditor.Scripting.ScriptCompilation.LoadingAssemblyDefinition.SetAllCustomScriptAssemblyReferenceJsonsContents (System.String[] paths, System.String[] contents) [0x00167] in /Users/bokken/build/output/unity/unity/Editor/Mono/Scripting/ScriptCompilation/LoadingAssemblyDefinition.cs:244 
UnityEngine.DebugLogHandler:Internal_LogException(Exception, Object)
UnityEngine.DebugLogHandler:LogException(Exception, Object)
UnityEngine.Logger:LogException(Exception, Object)
UnityEngine.Debug:LogException(Exception)
UnityEditor.Scripting.ScriptCompilation.EditorCompilationInterface:LogException(Exception) (at /Users/bokken/build/output/unity/unity/Editor/Mono/Scripting/ScriptCompilation/EditorCompilationInterface.cs:33)
UnityEditor.Scripting.ScriptCompilation.EditorCompilationInterface:EmitExceptionsAsErrors(Exception[]) (at /Users/bokken/build/output/unity/unity/Editor/Mono/Scripting/ScriptCompilation/EditorCompilationInterface.cs:42)
UnityEditor.Scripting.ScriptCompilation.EditorCompilationInterface:SetAllCustomScriptAssemblyReferenceJsons(String[], String[]) (at /Users/bokken/build/output/unity/unity/Editor/Mono/Scripting/ScriptCompilation/EditorCompilationInterface.cs:134)

(Filename: /Users/bokken/build/output/unity/unity/Editor/Mono/Scripting/ScriptCompilation/LoadingAssemblyDefinition.cs Line: 244)

ArgumentException: An item with the same key has already been added. Key: 00000000000000000000000000000000
  at System.Collections.Generic.Dictionary`2[TKey,TValue].TryInsert (TKey key, TValue value, System.Collections.Generic.InsertionBehavior behavior) [0x0015a] in <ea82cbe051464f7ab14c1c8fcd914b1b>:0 
  at System.Collections.Generic.Dictionary`2[TKey,TValue].Add (TKey key, TValue value) [0x00000] in <ea82cbe051464f7ab14c1c8fcd914b1b>:0 
  at System.Linq.Enumerable.ToDictionary[TSource,TKey] (TSource[] source, System.Func`2[T,TResult] keySelector, System.Collections.Generic.IEqualityComparer`1[T] comparer) [0x0001c] in <73bce13c4afd4d0c8996640c6a0916e6>:0 
  at System.Linq.Enumerable.ToDictionary[TSource,TKey] (System.Collections.Generic.IEnumerable`1[T] source, System.Func`2[T,TResult] keySelector, System.Collections.Generic.IEqualityComparer`1[T] comparer) [0x00043] in <73bce13c4afd4d0c8996640c6a0916e6>:0 
  at System.Linq.Enumerable.ToDictionary[TSource,TKey] (System.Collections.Generic.IEnumerable`1[T] source, System.Func`2[T,TResult] keySelector) [0x00000] in <73bce13c4afd4d0c8996640c6a0916e6>:0 
  at UnityEditor.Scripting.ScriptCompilation.LoadingAssemblyDefinition.SetAllCustomScriptAssemblyReferenceJsonsContents (System.String[] paths, System.String[] contents) [0x00167] in /Users/bokken/build/output/unity/unity/Editor/Mono/Scripting/ScriptCompilation/LoadingAssemblyDefinition.cs:244 
UnityEngine.DebugLogHandler:Internal_LogException(Exception, Object)
UnityEngine.DebugLogHandler:LogException(Exception, Object)
UnityEngine.Logger:LogException(Exception, Object)
UnityEngine.Debug:LogException(Exception)
UnityEditor.Scripting.ScriptCompilation.EditorCompilationInterface:LogException(Exception) (at /Users/bokken/build/output/unity/unity/Editor/Mono/Scripting/ScriptCompilation/EditorCompilationInterface.cs:33)
UnityEditor.Scripting.ScriptCompilation.EditorCompilationInterface:EmitExceptionsAsErrors(Exception[]) (at /Users/bokken/build/output/unity/unity/Editor/Mono/Scripting/ScriptCompilation/EditorCompilationInterface.cs:42)
UnityEditor.Scripting.ScriptCompilation.EditorCompilationInterface:SetAllCustomScriptAssemblyReferenceJsons(String[], String[]) (at /Users/bokken/build/output/unity/unity/Editor/Mono/Scripting/ScriptCompilation/EditorCompilationInterface.cs:134)

(Filename: /Users/bokken/build/output/unity/unity/Editor/Mono/Scripting/ScriptCompilation/LoadingAssemblyDefinition.cs Line: 244)

Begin MonoManager ReloadAssembly
Thread 0x16da93000 may have been prematurely finalized
Native extension for OSXStandalone target not found
Refreshing native plugins compatible for Editor in 88.71 ms, found 2 plugins.
Preloading 0 native plugins for Editor in 0.00 ms.
ArgumentException: An item with the same key has already been added. Key: 00000000000000000000000000000000
  at System.Collections.Generic.Dictionary`2[TKey,TValue].TryInsert (TKey key, TValue value, System.Collections.Generic.InsertionBehavior behavior) [0x0015a] in <ea82cbe051464f7ab14c1c8fcd914b1b>:0 
  at System.Collections.Generic.Dictionary`2[TKey,TValue].Add (TKey key, TValue value) [0x00000] in <ea82cbe051464f7ab14c1c8fcd914b1b>:0 
  at System.Linq.Enumerable.ToDictionary[TSource,TKey] (TSource[] source, System.Func`2[T,TResult] keySelector, System.Collections.Generic.IEqualityComparer`1[T] comparer) [0x0001c] in <73bce13c4afd4d0c8996640c6a0916e6>:0 
  at System.Linq.Enumerable.ToDictionary[TSource,TKey] (System.Collections.Generic.IEnumerable`1[T] source, System.Func`2[T,TResult] keySelector, System.Collections.Generic.IEqualityComparer`1[T] comparer) [0x00043] in <73bce13c4afd4d0c8996640c6a0916e6>:0 
  at System.Linq.Enumerable.ToDictionary[TSource,TKey] (System.Collections.Generic.IEnumerable`1[T] source, System.Func`2[T,TResult] keySelector) [0x00000] in <73bce13c4afd4d0c8996640c6a0916e6>:0 
  at UnityEditor.Scripting.ScriptCompilation.LoadingAssemblyDefinition.SetAllCustomScriptAssemblyReferenceJsonsContents (System.String[] paths, System.String[] contents) [0x00167] in /Users/bokken/build/output/unity/unity/Editor/Mono/Scripting/ScriptCompilation/LoadingAssemblyDefinition.cs:244 
UnityEngine.DebugLogHandler:Internal_LogException(Exception, Object)
UnityEngine.DebugLogHandler:LogException(Exception, Object)
UnityEngine.Logger:LogException(Exception, Object)
UnityEngine.Debug:LogException(Exception)
UnityEditor.Scripting.ScriptCompilation.EditorCompilationInterface:LogException(Exception) (at /Users/bokken/build/output/unity/unity/Editor/Mono/Scripting/ScriptCompilation/EditorCompilationInterface.cs:33)
UnityEditor.Scripting.ScriptCompilation.EditorCompilationInterface:EmitExceptionsAsErrors(Exception[]) (at /Users/bokken/build/output/unity/unity/Editor/Mono/Scripting/ScriptCompilation/EditorCompilationInterface.cs:42)
UnityEditor.Scripting.ScriptCompilation.EditorCompilationInterface:SetAllCustomScriptAssemblyReferenceJsons(String[], String[]) (at /Users/bokken/build/output/unity/unity/Editor/Mono/Scripting/ScriptCompilation/EditorCompilationInterface.cs:134)

(Filename: /Users/bokken/build/output/unity/unity/Editor/Mono/Scripting/ScriptCompilation/LoadingAssemblyDefinition.cs Line: 244)

ArgumentException: An item with the same key has already been added. Key: 00000000000000000000000000000000
  at System.Collections.Generic.Dictionary`2[TKey,TValue].TryInsert (TKey key, TValue value, System.Collections.Generic.InsertionBehavior behavior) [0x0015a] in <ea82cbe051464f7ab14c1c8fcd914b1b>:0 
  at System.Collections.Generic.Dictionary`2[TKey,TValue].Add (TKey key, TValue value) [0x00000] in <ea82cbe051464f7ab14c1c8fcd914b1b>:0 
  at System.Linq.Enumerable.ToDictionary[TSource,TKey] (TSource[] source, System.Func`2[T,TResult] keySelector, System.Collections.Generic.IEqualityComparer`1[T] comparer) [0x0001c] in <73bce13c4afd4d0c8996640c6a0916e6>:0 
  at System.Linq.Enumerable.ToDictionary[TSource,TKey] (System.Collections.Generic.IEnumerable`1[T] source, System.Func`2[T,TResult] keySelector, System.Collections.Generic.IEqualityComparer`1[T] comparer) [0x00043] in <73bce13c4afd4d0c8996640c6a0916e6>:0 
  at System.Linq.Enumerable.ToDictionary[TSource,TKey] (System.Collections.Generic.IEnumerable`1[T] source, System.Func`2[T,TResult] keySelector) [0x00000] in <73bce13c4afd4d0c8996640c6a0916e6>:0 
  at UnityEditor.Scripting.ScriptCompilation.LoadingAssemblyDefinition.SetAllCustomScriptAssemblyReferenceJsonsContents (System.String[] paths, System.String[] contents) [0x00167] in /Users/bokken/build/output/unity/unity/Editor/Mono/Scripting/ScriptCompilation/LoadingAssemblyDefinition.cs:244 
UnityEngine.DebugLogHandler:Internal_LogException(Exception, Object)
UnityEngine.DebugLogHandler:LogException(Exception, Object)
UnityEngine.Logger:LogException(Exception, Object)
UnityEngine.Debug:LogException(Exception)
UnityEditor.Scripting.ScriptCompilation.EditorCompilationInterface:LogException(Exception) (at /Users/bokken/build/output/unity/unity/Editor/Mono/Scripting/ScriptCompilation/EditorCompilationInterface.cs:33)
UnityEditor.Scripting.ScriptCompilation.EditorCompilationInterface:EmitExceptionsAsErrors(Exception[]) (at /Users/bokken/build/output/unity/unity/Editor/Mono/Scripting/ScriptCompilation/EditorCompilationInterface.cs:42)
UnityEditor.Scripting.ScriptCompilation.EditorCompilationInterface:SetAllCustomScriptAssemblyReferenceJsons(String[], String[]) (at /Users/bokken/build/output/unity/unity/Editor/Mono/Scripting/ScriptCompilation/EditorCompilationInterface.cs:134)

(Filename: /Users/bokken/build/output/unity/unity/Editor/Mono/Scripting/ScriptCompilation/LoadingAssemblyDefinition.cs Line: 244)

[Package Manager] Server::EnsureServerProcessIsRunning -- launch failed, reason: Unity was launched with the -noUpm command-line argument
[Package Manager] Cannot connect to Unity Package Manager local server
Mono: successfully reloaded assembly
- Completed reload, in  1.252 seconds
Domain Reload Profiling:
	ReloadAssembly (1254ms)
		BeginReloadAssembly (191ms)
			ExecutionOrderSort (0ms)
			DisableScriptedObjects (10ms)
			BackupInstance (0ms)
			ReleaseScriptingObjects (0ms)
			CreateAndSetChildDomain (80ms)
		EndReloadAssembly (1010ms)
			LoadAssemblies (62ms)
			RebuildTransferFunctionScriptingTraits (0ms)
			SetupTypeCache (224ms)
			ReleaseScriptCaches (3ms)
			RebuildScriptCaches (30ms)
			SetupLoadedEditorAssemblies (666ms)
				LogAssemblyErrors (0ms)
				InitializePlatformSupportModulesInManaged (2ms)
				SetLoadedEditorAssemblies (0ms)
				RefreshPlugins (89ms)
				BeforeProcessingInitializeOnLoad (64ms)
				ProcessInitializeOnLoadAttributes (471ms)
				ProcessInitializeOnLoadMethodAttributes (40ms)
				AfterProcessingInitializeOnLoad (1ms)
				EditorAssembliesLoaded (0ms)
			ExecutionOrderSort2 (0ms)
			AwakeInstancesAfterBackupRestoration (9ms)
Platform modules already initialized, skipping
Shader 'WFX/Transparent Diffuse': fallback shader 'Particles/Alpha Blended' not found
Shader 'WFX/Transparent Specular': fallback shader 'Particles/Alpha Blended' not found
Refreshing native plugins compatible for Editor in 0.62 ms, found 2 plugins.
Preloading 0 native plugins for Editor in 0.00 ms.
Unloading 4794 Unused Serialized files (Serialized files now loaded: 0)
Unloading 269 unused Assets / (2.0 MB). Loaded Objects now: 5768.
Memory consumption went from 223.2 MB to 221.2 MB.
Total: 3.416708 ms (FindLiveObjects: 0.308500 ms CreateObjectMapping: 0.124750 ms MarkObjects: 2.635500 ms  DeleteObjects: 0.347042 ms)

AssetImportParameters requested are different than current active one (requested -> active):
  custom:video-decoder-ogg-theora: a1e56fd34408186e4bbccfd4996cb3dc -> 
  custom:container-muxer-webm: aa71ff27fc2769a1b78a27578f13a17b -> 
  custom:container-demuxer-webm: 4f35f7cbe854078d1ac9338744f61a02 -> 
  custom:video-encoder-webm-vp8: eb34c28f22e8b96e1ab97ce403110664 -> 
  custom:framework-osx-AVFoundation: e770b220cccbd017edd2c1fefb359320 -> 
  custom:CustomObjectIndexerAttribute: f67f22312cbe972f2da930a377ed3d15 -> 
  custom:audio-encoder-webm-vorbis: bf7c407c2cedff20999df2af8eb42d56 -> 
  custom:SearchIndexIgnoredProperties: e643bd26f0fe6173181afceb89e7c659 -> 
  custom:container-demuxer-ogg: 62fdf1f143b41e24485cea50d1cbac27 -> 
  custom:video-decoder-webm-vp8: 9c59270c3fd7afecdb556c50c9e8de78 -> 
  custom:audio-decoder-ogg-vorbis: bf7c407c2cedff20999df2af8eb42d56 -> 
========================================================================
Received Prepare
Registering precompiled user dll's ...
Registered in 0.002767 seconds.
Begin MonoManager ReloadAssembly
Thread 0x16da93000 may have been prematurely finalized
Native extension for OSXStandalone target not found
Refreshing native plugins compatible for Editor in 102.02 ms, found 2 plugins.
Preloading 0 native plugins for Editor in 0.00 ms.
[Package Manager] Server::EnsureServerProcessIsRunning -- launch failed, reason: Unity was launched with the -noUpm command-line argument
[Package Manager] Cannot connect to Unity Package Manager local server
Mono: successfully reloaded assembly
- Completed reload, in  1.316 seconds
Domain Reload Profiling:
	ReloadAssembly (1316ms)
		BeginReloadAssembly (182ms)
			ExecutionOrderSort (0ms)
			DisableScriptedObjects (5ms)
			BackupInstance (0ms)
			ReleaseScriptingObjects (0ms)
			CreateAndSetChildDomain (94ms)
		EndReloadAssembly (1068ms)
			LoadAssemblies (104ms)
			RebuildTransferFunctionScriptingTraits (0ms)
			SetupTypeCache (238ms)
			ReleaseScriptCaches (6ms)
			RebuildScriptCaches (32ms)
			SetupLoadedEditorAssemblies (664ms)
				LogAssemblyErrors (0ms)
				InitializePlatformSupportModulesInManaged (2ms)
				SetLoadedEditorAssemblies (0ms)
				RefreshPlugins (102ms)
				BeforeProcessingInitializeOnLoad (47ms)
				ProcessInitializeOnLoadAttributes (465ms)
				ProcessInitializeOnLoadMethodAttributes (47ms)
				AfterProcessingInitializeOnLoad (1ms)
				EditorAssembliesLoaded (0ms)
			ExecutionOrderSort2 (0ms)
			AwakeInstancesAfterBackupRestoration (10ms)
Platform modules already initialized, skipping
Shader 'WFX/Transparent Diffuse': fallback shader 'Particles/Alpha Blended' not found
Shader 'WFX/Transparent Specular': fallback shader 'Particles/Alpha Blended' not found
Refreshing native plugins compatible for Editor in 0.79 ms, found 2 plugins.
Preloading 0 native plugins for Editor in 0.00 ms.
Unloading 5119 Unused Serialized files (Serialized files now loaded: 0)
Unloading 73 unused Assets / (23.0 MB). Loaded Objects now: 6002.
Memory consumption went from 266.5 MB to 243.5 MB.
Total: 4.854875 ms (FindLiveObjects: 0.238209 ms CreateObjectMapping: 0.133458 ms MarkObjects: 2.783041 ms  DeleteObjects: 1.699000 ms)

AssetImportParameters requested are different than current active one (requested -> active):
  custom:video-decoder-ogg-theora: a1e56fd34408186e4bbccfd4996cb3dc -> 
  custom:container-muxer-webm: aa71ff27fc2769a1b78a27578f13a17b -> 
  custom:container-demuxer-webm: 4f35f7cbe854078d1ac9338744f61a02 -> 
  custom:video-encoder-webm-vp8: eb34c28f22e8b96e1ab97ce403110664 -> 
  custom:framework-osx-AVFoundation: e770b220cccbd017edd2c1fefb359320 -> 
  custom:CustomObjectIndexerAttribute: f67f22312cbe972f2da930a377ed3d15 -> 
  custom:audio-encoder-webm-vorbis: bf7c407c2cedff20999df2af8eb42d56 -> 
  custom:SearchIndexIgnoredProperties: e643bd26f0fe6173181afceb89e7c659 -> 
  custom:container-demuxer-ogg: 62fdf1f143b41e24485cea50d1cbac27 -> 
  custom:video-decoder-webm-vp8: 9c59270c3fd7afecdb556c50c9e8de78 -> 
  custom:audio-decoder-ogg-vorbis: bf7c407c2cedff20999df2af8eb42d56 -> 
========================================================================
Received Import Request.
  Time since last request: 892.281724 seconds.
  path: Packages/com.unity.render-pipelines.universal/Editor/2D/Resources/InspectorIcons/FreeformLight.png
  artifactKey: Guid(68e5bb6e60bebc046b26d3c3100a523b) Importer(815301076,1909f56bfc062723c751e8b465ee728b)
Number of updated assets reloaded before import = 0
Start importing Packages/com.unity.render-pipelines.universal/Editor/2D/Resources/InspectorIcons/FreeformLight.png using Guid(68e5bb6e60bebc046b26d3c3100a523b) Importer(815301076,1909f56bfc062723c751e8b465ee728b)  -> (artifact id: 'b74f9ec41cccfc97dcfb8c90e0e97d35') in 0.155576 seconds 
Number of asset objects unloaded after import = 2
========================================================================
Received Import Request.
  Time since last request: 0.000069 seconds.
  path: Packages/com.unity.ml-agents/Tests/Editor/Unity.ML-Agents.Editor.Tests.asmdef
  artifactKey: Guid(57f6004a925b546cd94e94ed518e275d) Importer(815301076,1909f56bfc062723c751e8b465ee728b)
Number of updated assets reloaded before import = 0
Start importing Packages/com.unity.ml-agents/Tests/Editor/Unity.ML-Agents.Editor.Tests.asmdef using Guid(57f6004a925b546cd94e94ed518e275d) Importer(815301076,1909f56bfc062723c751e8b465ee728b)  -> (artifact id: 'fa625c48d82b13202f8d24f1dc83dcc4') in 0.053399 seconds 
Number of asset objects unloaded after import = 0
========================================================================
Received Import Request.
  Time since last request: 14.592656 seconds.
  path: Packages/com.unity.ml-agents/Tests/Runtime/Utils/Unity.ML-Agents.Runtime.Utils.Tests.asmdef
  artifactKey: Guid(daaa01096d9848a38185ee08fa7321c0) Importer(815301076,1909f56bfc062723c751e8b465ee728b)
Number of updated assets reloaded before import = 0
Start importing Packages/com.unity.ml-agents/Tests/Runtime/Utils/Unity.ML-Agents.Runtime.Utils.Tests.asmdef using Guid(daaa01096d9848a38185ee08fa7321c0) Importer(815301076,1909f56bfc062723c751e8b465ee728b)  -> (artifact id: 'c939d3c87a77b274d95ef4d83ef81926') in 0.001491 seconds 
Number of asset objects unloaded after import = 0
